variant,variant_description,dataset,dataset_label,pages,rows,pll_vs_wer,pll_vs_cer,pll_vs_levenshtein,mean_pll_correlation
base_valid_after_worst20_trim,Base-valid rows after removing the worst 20% diagnostic pages,vatican44amitaimidrashtanchu,Vatican 44 Amitai Midrash Tanchuma,2,14,0.9795480791641239,0.9039886785051743,0.9136818483366848,0.9324062020019944
base_valid_after_worst20_trim,Base-valid rows after removing the worst 20% diagnostic pages,seferhaikarimbnf740experimen,Sefer Haikarim BNF 740 experiment,2,14,0.8762647512473437,0.9147492621874814,0.9130797770763756,0.9013645968370669
base_valid_after_worst20_trim,Base-valid rows after removing the worst 20% diagnostic pages,bnf150test2,BNF 150 test 2,2,14,0.9211282834658691,0.7672774139136926,0.7618973786313461,0.8167676920036359
base_valid_after_worst20_trim,Base-valid rows after removing the worst 20% diagnostic pages,vatican34midrashtanchu,Vatican 34 Midrash Tanchuma,2,14,0.6471075499453295,0.8895993586722607,0.89069120416425,0.8091327042606133
base_valid_after_worst20_trim,Base-valid rows after removing the worst 20% diagnostic pages,bnf150amitaitanchuma2,BNF 150 Amitai Tanchuma 2,3,21,0.9094292077004185,0.735766774224775,0.7340880218716392,0.7930946679322775
base_valid_after_worst20_trim,Base-valid rows after removing the worst 20% diagnostic pages,munichstaatsbibliothektest2,Munich Staatsbibliothek test 2,2,12,0.4475546859223599,0.6500503267669424,0.7435784141642835,0.6137278089511953
base_valid_after_worst20_trim,Base-valid rows after removing the worst 20% diagnostic pages,huntingtonamitaitanchuma2,Huntington Amitai Tanchuma 2,2,14,0.7169072660006279,0.4529141482158572,0.44609896589884823,0.5386401267051112
base_valid_after_worst20_trim,Base-valid rows after removing the worst 20% diagnostic pages,vatebr34,Vat Ebr 34,5,35,0.023479875290431745,0.749193331929403,0.7119085580381961,0.49486058841934355
base_valid_after_worst20_trim,Base-valid rows after removing the worst 20% diagnostic pages,mshuntington115,Bodleian MS Huntington 115,9,59,0.4789550920736236,0.43846136306022365,0.5414603092097248,0.4862922547811907
base_valid_after_worst20_trim,Base-valid rows after removing the worst 20% diagnostic pages,munich229amitaitanchuma2,Munich 229 Amitai Tanchuma 2,2,14,0.40336901443905393,0.26660851931890595,0.5564102814294815,0.4087959383958138
base_valid_after_worst20_trim,Base-valid rows after removing the worst 20% diagnostic pages,bodleianoppenheimad,Bodleian Oppenheim Add. 4-128,10,64,0.24904246092491225,0.2697823975143667,0.4542643471678884,0.32436306853572244
base_valid_all_pages,Base-valid rows before removing diagnostic pages,vatican44amitaimidrashtanchu,Vatican 44 Amitai Midrash Tanchuma,2,14,0.9795480791641239,0.9039886785051743,0.9136818483366848,0.9324062020019944
base_valid_all_pages,Base-valid rows before removing diagnostic pages,seferhaikarimbnf740experimen,Sefer Haikarim BNF 740 experiment,2,14,0.8762647512473437,0.9147492621874814,0.9130797770763756,0.9013645968370669
base_valid_all_pages,Base-valid rows before removing diagnostic pages,bnf150test2,BNF 150 test 2,2,14,0.9211282834658691,0.7672774139136926,0.7618973786313461,0.8167676920036359
base_valid_all_pages,Base-valid rows before removing diagnostic pages,vatican34midrashtanchu,Vatican 34 Midrash Tanchuma,2,14,0.6471075499453295,0.8895993586722607,0.89069120416425,0.8091327042606133
base_valid_all_pages,Base-valid rows before removing diagnostic pages,bnf150amitaitanchuma2,BNF 150 Amitai Tanchuma 2,3,21,0.9094292077004185,0.735766774224775,0.7340880218716392,0.7930946679322775
base_valid_all_pages,Base-valid rows before removing diagnostic pages,munichstaatsbibliothektest2,Munich Staatsbibliothek test 2,2,12,0.4475546859223599,0.6500503267669424,0.7435784141642835,0.6137278089511953
base_valid_all_pages,Base-valid rows before removing diagnostic pages,huntingtonamitaitanchuma2,Huntington Amitai Tanchuma 2,2,14,0.7169072660006279,0.4529141482158572,0.44609896589884823,0.5386401267051112
base_valid_all_pages,Base-valid rows before removing diagnostic pages,mshuntington115,Bodleian MS Huntington 115,9,59,0.4789550920736236,0.43846136306022365,0.5414603092097248,0.4862922547811907
base_valid_all_pages,Base-valid rows before removing diagnostic pages,vatebr34,Vat Ebr 34,6,42,-0.09225515231344725,0.7328207782908673,0.7422098534465923,0.46092515980800414
base_valid_all_pages,Base-valid rows before removing diagnostic pages,munich229amitaitanchuma2,Munich 229 Amitai Tanchuma 2,2,14,0.40336901443905393,0.26660851931890595,0.5564102814294815,0.4087959383958138
base_valid_all_pages,Base-valid rows before removing diagnostic pages,oppaddfol3test2,Oppenheim Add. Fol. 3 test 2,1,7,0.44196121765385227,0.3192047500882294,0.31623066631568236,0.35913221135258805
base_valid_all_pages,Base-valid rows before removing diagnostic pages,midrashhagadoldvarim,Midrash Hagadol Dvarim,1,7,-0.1880677431099997,0.45686897154910333,0.763620451976076,0.34414056013839317
base_valid_all_pages,Base-valid rows before removing diagnostic pages,parma3122test2,Parma 3122 test 2,2,14,0.013395632403948287,0.29755833457707037,0.4476137715398327,0.2528559128402838
base_valid_all_pages,Base-valid rows before removing diagnostic pages,bodleianoppenheimad,Bodleian Oppenheim Add. 4-128,12,77,0.1880654425561578,0.18075147780533665,0.34483104475843845,0.23788265503997766
base_valid_all_pages,Base-valid rows before removing diagnostic pages,neubauer147amitaitanchuma2,Neubauer 147 Amitai Tanchuma 2,2,14,0.06748009087596164,-0.012949628374252899,0.05674435072317137,0.03709160440829337
base_valid_all_pages,Base-valid rows before removing diagnostic pages,matteozzmsoxfordhuntington2,Matteo Zz MS Oxford Huntington 2,1,7,-0.07196282274283637,-0.28371081961467376,-0.28115841441982886,-0.212277352259113
base_valid_all_pages,Base-valid rows before removing diagnostic pages,constantinople1520,Constantinople 1520,1,7,0.1937943742956657,-0.47322088489659736,-0.4126701782656379,-0.23069889628885654
high_confidence_after_worst20_trim,High-confidence rows after removing the worst 20% diagnostic pages,vatican44amitaimidrashtanchu,Vatican 44 Amitai Midrash Tanchuma,2,12,0.9619797688032574,0.8772535658286024,0.9117183769315845,0.9169839038544815
high_confidence_after_worst20_trim,High-confidence rows after removing the worst 20% diagnostic pages,bnf150test2,BNF 150 test 2,2,12,0.9127353969678372,0.825481827232669,0.8193858851047509,0.852534369768419
high_confidence_after_worst20_trim,High-confidence rows after removing the worst 20% diagnostic pages,bnf150amitaitanchuma2,BNF 150 Amitai Tanchuma 2,3,18,0.918661399469449,0.7988392674304542,0.8015537998814284,0.8396848222604438
high_confidence_after_worst20_trim,High-confidence rows after removing the worst 20% diagnostic pages,seferhaikarimbnf740experimen,Sefer Haikarim BNF 740 experiment,2,12,0.8024884652930233,0.7530289600892593,0.7605715116218459,0.7720296456680429
high_confidence_after_worst20_trim,High-confidence rows after removing the worst 20% diagnostic pages,huntingtonamitaitanchuma2,Huntington Amitai Tanchuma 2,2,12,0.8235571885590769,0.7220173008045813,0.7196506838807296,0.7550750577481292
high_confidence_after_worst20_trim,High-confidence rows after removing the worst 20% diagnostic pages,vatican34midrashtanchu,Vatican 34 Midrash Tanchuma,2,12,0.33851855676988346,0.7734386644554218,0.8868568379322018,0.6662713530525024
high_confidence_after_worst20_trim,High-confidence rows after removing the worst 20% diagnostic pages,vatebr34,Vat Ebr 34,5,30,-0.08967041747573358,0.6529510508873692,0.5731069816305209,0.37879587168071877
high_confidence_after_worst20_trim,High-confidence rows after removing the worst 20% diagnostic pages,munich229amitaitanchuma2,Munich 229 Amitai Tanchuma 2,2,11,0.3673360089878463,0.14732205934882528,0.3488853195766622,0.28784779597111126
high_confidence_after_worst20_trim,High-confidence rows after removing the worst 20% diagnostic pages,bodleianoppenheimad,Bodleian Oppenheim Add. 4-128,10,49,0.1118289497002293,-0.06228272676971146,0.20228989656684337,0.08394537316578708
high_confidence_after_worst20_trim,High-confidence rows after removing the worst 20% diagnostic pages,mshuntington115,Bodleian MS Huntington 115,9,50,0.13199198666859077,-0.012987712725168963,0.10100361573417901,0.07333596322586694
high_confidence_after_worst20_trim,High-confidence rows after removing the worst 20% diagnostic pages,munichstaatsbibliothektest2,Munich Staatsbibliothek test 2,2,6,-0.21274561356963353,-0.016439322062093184,0.09433874038499872,-0.04494873174890932
