dataset,dataset_label,image,image_stem,model,model_label,pll_score,wer,cer,levenshtein,gt_source,gt_file,prediction_file,gt_chars,pred_chars,pll_per_pred_char,pll_per_gt_char,pll_per_char_mean,pred_lines_xml,page_weighted_wc,page_mean_wc,page_string_count,gt_lines_text,len_ratio,line_ratio,base_valid,page_high_confidence,page_complete_high_confidence,removed_by_worst_page_trim,keep_after_worst_page_trim,page_diagnostic_count,selected_run
bnf150amitaitanchuma2,BNF 150 Amitai Tanchuma 2,Midrach_rabba_Nombres_(hébreu)__btv1b105399567_Page_134_Image_0001.tif,Midrach_rabba_Nombres_(hébreu)__btv1b105399567_Page_134_Image_0001,ashkenazy,ashkenazy,3922.381534989574,0.5972602739726027,0.2505896226415094,429.0,gt,datasets/bnf150amitaitanchuma2/gt/Midrach_rabba_Nombres_(hébreu)__btv1b105399567_Page_134_Image_0001.txt,analysis_results/full_run_20260613/predictions/bnf150amitaitanchuma2/ashkenazy__Midrach_rabba_Nombres_(hébreu)__btv1b105399567_Page_134_Image_0001.xml,1702,1382,2.838192138197955,2.3045719947059777,2.543697493508154,26,0.9113209036838896,0.9113209036838896,299,26,0.8119858989424207,1.0,True,True,True,False,True,51,full_run_20260617_selected_handwritings
bnf150amitaitanchuma2,BNF 150 Amitai Tanchuma 2,Midrach_rabba_Nombres_(hébreu)__btv1b105399567_Page_134_Image_0001.tif,Midrach_rabba_Nombres_(hébreu)__btv1b105399567_Page_134_Image_0001,biblia9,biblia9,5143.6186387352645,0.7917808219178082,0.2954009433962264,505.0,gt,datasets/bnf150amitaitanchuma2/gt/Midrach_rabba_Nombres_(hébreu)__btv1b105399567_Page_134_Image_0001.txt,analysis_results/full_run_20260613/predictions/bnf150amitaitanchuma2/biblia9__Midrach_rabba_Nombres_(hébreu)__btv1b105399567_Page_134_Image_0001.xml,1702,1535,3.350891621325905,3.0221026079525646,3.1780158410474293,26,0.9521334220062558,0.9521334220062558,291,26,0.9018801410105758,1.0,True,True,True,False,True,51,full_run_20260617_selected_handwritings
bnf150amitaitanchuma2,BNF 150 Amitai Tanchuma 2,Midrach_rabba_Nombres_(hébreu)__btv1b105399567_Page_134_Image_0001.tif,Midrach_rabba_Nombres_(hébreu)__btv1b105399567_Page_134_Image_0001,italian_7,italian 7,3915.779604180134,0.3178082191780822,0.0784198113207547,139.0,gt,datasets/bnf150amitaitanchuma2/gt/Midrach_rabba_Nombres_(hébreu)__btv1b105399567_Page_134_Image_0001.txt,analysis_results/full_run_20260613/predictions/bnf150amitaitanchuma2/italian_7__Midrach_rabba_Nombres_(hébreu)__btv1b105399567_Page_134_Image_0001.xml,1702,1667,2.3489979629154973,2.3006930694360364,2.3245946002850304,26,0.9560662732728454,0.9560662732728454,350,26,0.9794359576968272,1.0,True,True,True,False,True,51,full_run_20260617_selected_handwritings
bnf150amitaitanchuma2,BNF 150 Amitai Tanchuma 2,Midrach_rabba_Nombres_(hébreu)__btv1b105399567_Page_134_Image_0001.tif,Midrach_rabba_Nombres_(hébreu)__btv1b105399567_Page_134_Image_0001,prenumeranten,prenumeranten,4495.977370142937,0.989041095890411,0.6709905660377359,1138.0,gt,datasets/bnf150amitaitanchuma2/gt/Midrach_rabba_Nombres_(hébreu)__btv1b105399567_Page_134_Image_0001.txt,analysis_results/full_run_20260613/predictions/bnf150amitaitanchuma2/prenumeranten__Midrach_rabba_Nombres_(hébreu)__btv1b105399567_Page_134_Image_0001.xml,1702,1211,3.71261549970515,2.6415848238207618,3.0868365054191123,26,0.4820780354290097,0.4820780354290097,294,26,0.7115158636897767,1.0,True,False,False,False,True,51,full_run_20260617_selected_handwritings
bnf150amitaitanchuma2,BNF 150 Amitai Tanchuma 2,Midrach_rabba_Nombres_(hébreu)__btv1b105399567_Page_134_Image_0001.tif,Midrach_rabba_Nombres_(hébreu)__btv1b105399567_Page_134_Image_0001,sephardi,sephardi,3477.3177983204223,0.3260273972602739,0.0878537735849056,155.0,gt,datasets/bnf150amitaitanchuma2/gt/Midrach_rabba_Nombres_(hébreu)__btv1b105399567_Page_134_Image_0001.txt,analysis_results/full_run_20260613/predictions/bnf150amitaitanchuma2/sephardi__Midrach_rabba_Nombres_(hébreu)__btv1b105399567_Page_134_Image_0001.xml,1702,1643,2.116444186439697,2.043077437321047,2.0791137807595947,26,0.956154145690008,0.956154145690008,344,26,0.9653349001175088,1.0,True,True,True,False,True,51,full_run_20260617_selected_handwritings
bnf150amitaitanchuma2,BNF 150 Amitai Tanchuma 2,Midrach_rabba_Nombres_(hébreu)__btv1b105399567_Page_134_Image_0001.tif,Midrach_rabba_Nombres_(hébreu)__btv1b105399567_Page_134_Image_0001,sinai_no_voc_61,sinai no voc 61,4780.825483679771,0.8657534246575342,0.3856132075471698,660.0,gt,datasets/bnf150amitaitanchuma2/gt/Midrach_rabba_Nombres_(hébreu)__btv1b105399567_Page_134_Image_0001.txt,analysis_results/full_run_20260613/predictions/bnf150amitaitanchuma2/sinai_no_voc_61__Midrach_rabba_Nombres_(hébreu)__btv1b105399567_Page_134_Image_0001.xml,1702,1503,3.180855278562722,2.8089456425850594,2.983354435993617,26,0.9261329597217528,0.9261329597217528,299,26,0.8830787309048178,1.0,True,True,True,False,True,51,full_run_20260617_selected_handwritings
bnf150amitaitanchuma2,BNF 150 Amitai Tanchuma 2,Midrach_rabba_Nombres_(hébreu)__btv1b105399567_Page_134_Image_0001.tif,Midrach_rabba_Nombres_(hébreu)__btv1b105399567_Page_134_Image_0001,vat44,vat44,4827.553309260169,0.7150684931506849,0.2158018867924528,371.0,gt,datasets/bnf150amitaitanchuma2/gt/Midrach_rabba_Nombres_(hébreu)__btv1b105399567_Page_134_Image_0001.txt,analysis_results/full_run_20260613/predictions/bnf150amitaitanchuma2/vat44__Midrach_rabba_Nombres_(hébreu)__btv1b105399567_Page_134_Image_0001.xml,1702,1506,3.2055466860957296,2.8364002992127904,3.009696576845492,26,0.9347903550368416,0.9347903550368416,270,26,0.8848413631022327,1.0,True,True,True,False,True,51,full_run_20260617_selected_handwritings
bnf150amitaitanchuma2,BNF 150 Amitai Tanchuma 2,Midrach_rabba_Nombres_(hébreu)__btv1b105399567_Page_224_Image_0001.tif,Midrach_rabba_Nombres_(hébreu)__btv1b105399567_Page_224_Image_0001,ashkenazy,ashkenazy,3666.2323775669065,0.3696275071633237,0.0975166565717746,167.0,gt,datasets/bnf150amitaitanchuma2/gt/Midrach_rabba_Nombres_(hébreu)__btv1b105399567_Page_224_Image_0001.txt,analysis_results/full_run_20260613/predictions/bnf150amitaitanchuma2/ashkenazy__Midrach_rabba_Nombres_(hébreu)__btv1b105399567_Page_224_Image_0001.xml,1657,1578,2.32334117716534,2.2125723461478013,2.266604251973358,26,0.9564597467352042,0.9564597467352042,317,26,0.952323476161738,1.0,True,True,True,False,True,51,full_run_20260617_selected_handwritings
bnf150amitaitanchuma2,BNF 150 Amitai Tanchuma 2,Midrach_rabba_Nombres_(hébreu)__btv1b105399567_Page_224_Image_0001.tif,Midrach_rabba_Nombres_(hébreu)__btv1b105399567_Page_224_Image_0001,biblia9,biblia9,5078.388511445373,0.7191977077363897,0.2077528770442156,347.0,gt,datasets/bnf150amitaitanchuma2/gt/Midrach_rabba_Nombres_(hébreu)__btv1b105399567_Page_224_Image_0001.txt,analysis_results/full_run_20260613/predictions/bnf150amitaitanchuma2/biblia9__Midrach_rabba_Nombres_(hébreu)__btv1b105399567_Page_224_Image_0001.xml,1657,1543,3.291243364514176,3.0648089990617824,3.173992819653358,26,0.9572417536497038,0.9572417536497038,290,26,0.9312009656004828,1.0,True,True,True,False,True,51,full_run_20260617_selected_handwritings
bnf150amitaitanchuma2,BNF 150 Amitai Tanchuma 2,Midrach_rabba_Nombres_(hébreu)__btv1b105399567_Page_224_Image_0001.tif,Midrach_rabba_Nombres_(hébreu)__btv1b105399567_Page_224_Image_0001,italian_7,italian 7,3457.531684473506,0.2464183381088825,0.0587522713506965,100.0,gt,datasets/bnf150amitaitanchuma2/gt/Midrach_rabba_Nombres_(hébreu)__btv1b105399567_Page_224_Image_0001.txt,analysis_results/full_run_20260613/predictions/bnf150amitaitanchuma2/italian_7__Midrach_rabba_Nombres_(hébreu)__btv1b105399567_Page_224_Image_0001.xml,1657,1632,2.118585590976413,2.0866214148904683,2.102482021570998,26,0.9643133418681534,0.9643133418681534,343,26,0.9849124924562462,1.0,True,True,True,False,True,51,full_run_20260617_selected_handwritings
bnf150amitaitanchuma2,BNF 150 Amitai Tanchuma 2,Midrach_rabba_Nombres_(hébreu)__btv1b105399567_Page_224_Image_0001.tif,Midrach_rabba_Nombres_(hébreu)__btv1b105399567_Page_224_Image_0001,prenumeranten,prenumeranten,5403.776875646319,0.98567335243553,0.6341611144760751,1071.0,gt,datasets/bnf150amitaitanchuma2/gt/Midrach_rabba_Nombres_(hébreu)__btv1b105399567_Page_224_Image_0001.txt,analysis_results/full_run_20260613/predictions/bnf150amitaitanchuma2/prenumeranten__Midrach_rabba_Nombres_(hébreu)__btv1b105399567_Page_224_Image_0001.xml,1657,1466,3.6860688101270935,3.2611809750430414,3.4606320048967785,26,0.5735142242354713,0.5735142242354713,293,26,0.8847314423657212,1.0,True,False,False,False,True,51,full_run_20260617_selected_handwritings
bnf150amitaitanchuma2,BNF 150 Amitai Tanchuma 2,Midrach_rabba_Nombres_(hébreu)__btv1b105399567_Page_224_Image_0001.tif,Midrach_rabba_Nombres_(hébreu)__btv1b105399567_Page_224_Image_0001,sephardi,sephardi,2990.787791946132,0.2492836676217765,0.0605693519079345,110.0,gt,datasets/bnf150amitaitanchuma2/gt/Midrach_rabba_Nombres_(hébreu)__btv1b105399567_Page_224_Image_0001.txt,analysis_results/full_run_20260613/predictions/bnf150amitaitanchuma2/sephardi__Midrach_rabba_Nombres_(hébreu)__btv1b105399567_Page_224_Image_0001.xml,1657,1592,1.8786355477048569,1.8049413349101584,1.8410512723583452,26,0.9604869764446716,0.9604869764446716,328,26,0.9607724803862402,1.0,True,True,True,False,True,51,full_run_20260617_selected_handwritings
bnf150amitaitanchuma2,BNF 150 Amitai Tanchuma 2,Midrach_rabba_Nombres_(hébreu)__btv1b105399567_Page_224_Image_0001.tif,Midrach_rabba_Nombres_(hébreu)__btv1b105399567_Page_224_Image_0001,sinai_no_voc_61,sinai no voc 61,4589.199323371053,0.8223495702005731,0.3434282253179891,573.0,gt,datasets/bnf150amitaitanchuma2/gt/Midrach_rabba_Nombres_(hébreu)__btv1b105399567_Page_224_Image_0001.txt,analysis_results/full_run_20260613/predictions/bnf150amitaitanchuma2/sinai_no_voc_61__Midrach_rabba_Nombres_(hébreu)__btv1b105399567_Page_224_Image_0001.xml,1657,1447,3.171526830249518,2.7695831764460186,2.956958326914338,26,0.9409198858636508,0.9409198858636508,273,26,0.8732649366324683,1.0,True,True,True,False,True,51,full_run_20260617_selected_handwritings
bnf150amitaitanchuma2,BNF 150 Amitai Tanchuma 2,Midrach_rabba_Nombres_(hébreu)__btv1b105399567_Page_224_Image_0001.tif,Midrach_rabba_Nombres_(hébreu)__btv1b105399567_Page_224_Image_0001,vat44,vat44,4601.2476020623,0.6848137535816619,0.1720169594185342,286.0,gt,datasets/bnf150amitaitanchuma2/gt/Midrach_rabba_Nombres_(hébreu)__btv1b105399567_Page_224_Image_0001.txt,analysis_results/full_run_20260613/predictions/bnf150amitaitanchuma2/vat44__Midrach_rabba_Nombres_(hébreu)__btv1b105399567_Page_224_Image_0001.xml,1657,1511,3.0451671754217737,2.776854316271756,2.9048280316049877,26,0.943105362388867,0.943105362388867,255,26,0.911888955944478,1.0,True,True,True,False,True,51,full_run_20260617_selected_handwritings
bnf150amitaitanchuma2,BNF 150 Amitai Tanchuma 2,Midrach_rabba_Nombres_(hébreu)__btv1b105399567_Page_375_Image_0001.tif,Midrach_rabba_Nombres_(hébreu)__btv1b105399567_Page_375_Image_0001,ashkenazy,ashkenazy,3535.3577719555165,0.4267912772585669,0.1252459016393442,198.0,gt,datasets/bnf150amitaitanchuma2/gt/Midrach_rabba_Nombres_(hébreu)__btv1b105399567_Page_375_Image_0001.txt,analysis_results/full_run_20260613/predictions/bnf150amitaitanchuma2/ashkenazy__Midrach_rabba_Nombres_(hébreu)__btv1b105399567_Page_375_Image_0001.xml,1531,1482,2.3855315600239653,2.3091820848827678,2.346735992004989,26,0.956586149536978,0.956586149536978,312,26,0.9679947746570868,1.0,True,True,True,False,True,51,full_run_20260617_selected_handwritings
bnf150amitaitanchuma2,BNF 150 Amitai Tanchuma 2,Midrach_rabba_Nombres_(hébreu)__btv1b105399567_Page_375_Image_0001.tif,Midrach_rabba_Nombres_(hébreu)__btv1b105399567_Page_375_Image_0001,biblia9,biblia9,4296.373587921262,0.6510903426791277,0.1927868852459016,300.0,gt,datasets/bnf150amitaitanchuma2/gt/Midrach_rabba_Nombres_(hébreu)__btv1b105399567_Page_375_Image_0001.txt,analysis_results/full_run_20260613/predictions/bnf150amitaitanchuma2/biblia9__Midrach_rabba_Nombres_(hébreu)__btv1b105399567_Page_375_Image_0001.xml,1531,1452,2.958934977907205,2.8062531599746974,2.880572301656897,26,0.9680708942406656,0.9680708942406656,284,26,0.9483997387328544,1.0,True,True,True,False,True,51,full_run_20260617_selected_handwritings
bnf150amitaitanchuma2,BNF 150 Amitai Tanchuma 2,Midrach_rabba_Nombres_(hébreu)__btv1b105399567_Page_375_Image_0001.tif,Midrach_rabba_Nombres_(hébreu)__btv1b105399567_Page_375_Image_0001,italian_7,italian 7,2909.9835514065617,0.2554517133956386,0.0681967213114754,111.0,gt,datasets/bnf150amitaitanchuma2/gt/Midrach_rabba_Nombres_(hébreu)__btv1b105399567_Page_375_Image_0001.txt,analysis_results/full_run_20260613/predictions/bnf150amitaitanchuma2/italian_7__Midrach_rabba_Nombres_(hébreu)__btv1b105399567_Page_375_Image_0001.xml,1531,1515,1.920781222050536,1.900707740957911,1.9106917606083795,26,0.9624982011981196,0.9624982011981196,317,26,0.9895493141737428,1.0,True,True,True,False,True,51,full_run_20260617_selected_handwritings
bnf150amitaitanchuma2,BNF 150 Amitai Tanchuma 2,Midrach_rabba_Nombres_(hébreu)__btv1b105399567_Page_375_Image_0001.tif,Midrach_rabba_Nombres_(hébreu)__btv1b105399567_Page_375_Image_0001,prenumeranten,prenumeranten,5136.908516645432,0.9968847352024922,0.6334426229508197,986.0,gt,datasets/bnf150amitaitanchuma2/gt/Midrach_rabba_Nombres_(hébreu)__btv1b105399567_Page_375_Image_0001.txt,analysis_results/full_run_20260613/predictions/bnf150amitaitanchuma2/prenumeranten__Midrach_rabba_Nombres_(hébreu)__btv1b105399567_Page_375_Image_0001.xml,1531,1392,3.690307842417696,3.3552635641054427,3.514819375056745,26,0.581901801221276,0.581901801221276,286,26,0.9092096668843892,1.0,True,False,False,False,True,51,full_run_20260617_selected_handwritings
bnf150amitaitanchuma2,BNF 150 Amitai Tanchuma 2,Midrach_rabba_Nombres_(hébreu)__btv1b105399567_Page_375_Image_0001.tif,Midrach_rabba_Nombres_(hébreu)__btv1b105399567_Page_375_Image_0001,sephardi,sephardi,3146.2040509954054,0.2990654205607476,0.0760655737704918,125.0,gt,datasets/bnf150amitaitanchuma2/gt/Midrach_rabba_Nombres_(hébreu)__btv1b105399567_Page_375_Image_0001.txt,analysis_results/full_run_20260613/predictions/bnf150amitaitanchuma2/sephardi__Midrach_rabba_Nombres_(hébreu)__btv1b105399567_Page_375_Image_0001.xml,1531,1513,2.0794474890914776,2.054999380140696,2.0671511504569025,26,0.9557558810263356,0.9557558810263356,320,26,0.9882429784454604,1.0,True,True,True,False,True,51,full_run_20260617_selected_handwritings
bnf150amitaitanchuma2,BNF 150 Amitai Tanchuma 2,Midrach_rabba_Nombres_(hébreu)__btv1b105399567_Page_375_Image_0001.tif,Midrach_rabba_Nombres_(hébreu)__btv1b105399567_Page_375_Image_0001,sinai_no_voc_61,sinai no voc 61,4602.212525606155,0.8068535825545171,0.340983606557377,527.0,gt,datasets/bnf150amitaitanchuma2/gt/Midrach_rabba_Nombres_(hébreu)__btv1b105399567_Page_375_Image_0001.txt,analysis_results/full_run_20260613/predictions/bnf150amitaitanchuma2/sinai_no_voc_61__Midrach_rabba_Nombres_(hébreu)__btv1b105399567_Page_375_Image_0001.xml,1531,1423,3.2341619997232294,3.006017325673517,3.115919110092184,26,0.9404795914548728,0.9404795914548728,285,26,0.9294578706727628,1.0,True,True,True,False,True,51,full_run_20260617_selected_handwritings
bnf150amitaitanchuma2,BNF 150 Amitai Tanchuma 2,Midrach_rabba_Nombres_(hébreu)__btv1b105399567_Page_375_Image_0001.tif,Midrach_rabba_Nombres_(hébreu)__btv1b105399567_Page_375_Image_0001,vat44,vat44,4111.53681420871,0.6386292834890965,0.1744262295081967,272.0,gt,datasets/bnf150amitaitanchuma2/gt/Midrach_rabba_Nombres_(hébreu)__btv1b105399567_Page_375_Image_0001.txt,analysis_results/full_run_20260613/predictions/bnf150amitaitanchuma2/vat44__Midrach_rabba_Nombres_(hébreu)__btv1b105399567_Page_375_Image_0001.xml,1531,1445,2.8453541966842284,2.685523719274141,2.7631295794413373,26,0.9428592055516588,0.9428592055516588,265,26,0.9438275636838668,1.0,True,True,True,False,True,51,full_run_20260617_selected_handwritings
bnf150test2,BNF 150 test 2,Midrach_rabba_Nombres_(hébreu)__btv1b105399567_Page_097_Image_0001.tif,Midrach_rabba_Nombres_(hébreu)__btv1b105399567_Page_097_Image_0001,ashkenazy,ashkenazy,3807.9589910679497,0.4247787610619469,0.1321339950372208,240.0,gt,datasets/bnf150test2/gt/Midrach_rabba_Nombres_(hébreu)__btv1b105399567_Page_097_Image_0001.txt,analysis_results/full_run_20260613/predictions/bnf150test2/ashkenazy__Midrach_rabba_Nombres_(hébreu)__btv1b105399567_Page_097_Image_0001.xml,1641,1527,2.4937517950674195,2.320511268170597,2.4040145145631,26,0.9519898077687596,0.9519898077687596,315,26,0.9305301645338208,1.0,True,True,True,False,True,51,full_run_20260617_selected_handwritings
bnf150test2,BNF 150 test 2,Midrach_rabba_Nombres_(hébreu)__btv1b105399567_Page_097_Image_0001.tif,Midrach_rabba_Nombres_(hébreu)__btv1b105399567_Page_097_Image_0001,biblia9,biblia9,4811.533423125744,0.6135693215339233,0.2016129032258064,347.0,gt,datasets/bnf150test2/gt/Midrach_rabba_Nombres_(hébreu)__btv1b105399567_Page_097_Image_0001.txt,analysis_results/full_run_20260613/predictions/bnf150test2/biblia9__Midrach_rabba_Nombres_(hébreu)__btv1b105399567_Page_097_Image_0001.xml,1641,1535,3.1345494613197027,2.932073993373397,3.029932886099335,26,0.9553613268171044,0.9553613268171044,310,26,0.935405240706886,1.0,True,True,True,False,True,51,full_run_20260617_selected_handwritings
bnf150test2,BNF 150 test 2,Midrach_rabba_Nombres_(hébreu)__btv1b105399567_Page_097_Image_0001.tif,Midrach_rabba_Nombres_(hébreu)__btv1b105399567_Page_097_Image_0001,italian_7,italian 7,3522.336870210944,0.28023598820059,0.0732009925558312,133.0,gt,datasets/bnf150test2/gt/Midrach_rabba_Nombres_(hébreu)__btv1b105399567_Page_097_Image_0001.txt,analysis_results/full_run_20260613/predictions/bnf150test2/italian_7__Midrach_rabba_Nombres_(hébreu)__btv1b105399567_Page_097_Image_0001.xml,1641,1603,2.197340530387364,2.146457568684305,2.171601029723147,26,0.9629436530479863,0.9629436530479863,332,26,0.9768433881779404,1.0,True,True,True,False,True,51,full_run_20260617_selected_handwritings
bnf150test2,BNF 150 test 2,Midrach_rabba_Nombres_(hébreu)__btv1b105399567_Page_097_Image_0001.tif,Midrach_rabba_Nombres_(hébreu)__btv1b105399567_Page_097_Image_0001,prenumeranten,prenumeranten,4925.74543847004,0.9882005899705014,0.6271712158808933,1038.0,gt,datasets/bnf150test2/gt/Midrach_rabba_Nombres_(hébreu)__btv1b105399567_Page_097_Image_0001.txt,analysis_results/full_run_20260613/predictions/bnf150test2/prenumeranten__Midrach_rabba_Nombres_(hébreu)__btv1b105399567_Page_097_Image_0001.xml,1641,1302,3.7832146224808296,3.0016730277087387,3.347431490635433,26,0.5698121139037814,0.5698121139037814,284,26,0.793418647166362,1.0,True,False,False,False,True,51,full_run_20260617_selected_handwritings
bnf150test2,BNF 150 test 2,Midrach_rabba_Nombres_(hébreu)__btv1b105399567_Page_097_Image_0001.tif,Midrach_rabba_Nombres_(hébreu)__btv1b105399567_Page_097_Image_0001,sephardi,sephardi,3501.234547880944,0.3421828908554572,0.097394540942928,190.0,gt,datasets/bnf150test2/gt/Midrach_rabba_Nombres_(hébreu)__btv1b105399567_Page_097_Image_0001.txt,analysis_results/full_run_20260613/predictions/bnf150test2/sephardi__Midrach_rabba_Nombres_(hébreu)__btv1b105399567_Page_097_Image_0001.xml,1641,1555,2.2515977799877454,2.133598140085889,2.1910103553698024,26,0.9597686606896044,0.9597686606896044,326,26,0.947592931139549,1.0,True,True,True,False,True,51,full_run_20260617_selected_handwritings
bnf150test2,BNF 150 test 2,Midrach_rabba_Nombres_(hébreu)__btv1b105399567_Page_097_Image_0001.tif,Midrach_rabba_Nombres_(hébreu)__btv1b105399567_Page_097_Image_0001,sinai_no_voc_61,sinai no voc 61,4735.49218913386,0.831858407079646,0.3306451612903225,562.0,gt,datasets/bnf150test2/gt/Midrach_rabba_Nombres_(hébreu)__btv1b105399567_Page_097_Image_0001.txt,analysis_results/full_run_20260613/predictions/bnf150test2/sinai_no_voc_61__Midrach_rabba_Nombres_(hébreu)__btv1b105399567_Page_097_Image_0001.xml,1641,1422,3.330163283497792,2.885735642372858,3.092061501230075,26,0.9505530509954364,0.9505530509954364,279,26,0.8665447897623401,1.0,True,True,True,False,True,51,full_run_20260617_selected_handwritings
bnf150test2,BNF 150 test 2,Midrach_rabba_Nombres_(hébreu)__btv1b105399567_Page_097_Image_0001.tif,Midrach_rabba_Nombres_(hébreu)__btv1b105399567_Page_097_Image_0001,vat44,vat44,4440.712982894853,0.5722713864306784,0.1544665012406947,269.0,gt,datasets/bnf150test2/gt/Midrach_rabba_Nombres_(hébreu)__btv1b105399567_Page_097_Image_0001.txt,analysis_results/full_run_20260613/predictions/bnf150test2/vat44__Midrach_rabba_Nombres_(hébreu)__btv1b105399567_Page_097_Image_0001.xml,1641,1520,2.9215216992729296,2.706101756791501,2.809688695283045,26,0.9454448664564536,0.9454448664564536,285,26,0.9262644728823888,1.0,True,True,True,False,True,51,full_run_20260617_selected_handwritings
bnf150test2,BNF 150 test 2,Midrach_rabba_Nombres_(hébreu)__btv1b105399567_Page_098_Image_0001.tif,Midrach_rabba_Nombres_(hébreu)__btv1b105399567_Page_098_Image_0001,ashkenazy,ashkenazy,4035.993860429269,0.5,0.1841269841269841,312.0,gt,datasets/bnf150test2/gt/Midrach_rabba_Nombres_(hébreu)__btv1b105399567_Page_098_Image_0001.txt,analysis_results/full_run_20260613/predictions/bnf150test2/ashkenazy__Midrach_rabba_Nombres_(hébreu)__btv1b105399567_Page_098_Image_0001.xml,1595,1425,2.8322763932836974,2.530403674250325,2.672843616178324,26,0.934531433906909,0.934531433906909,300,26,0.8934169278996865,1.0,True,True,True,False,True,51,full_run_20260617_selected_handwritings
bnf150test2,BNF 150 test 2,Midrach_rabba_Nombres_(hébreu)__btv1b105399567_Page_098_Image_0001.tif,Midrach_rabba_Nombres_(hébreu)__btv1b105399567_Page_098_Image_0001,biblia9,biblia9,5201.884979931638,0.7781065088757396,0.2825396825396825,457.0,gt,datasets/bnf150test2/gt/Midrach_rabba_Nombres_(hébreu)__btv1b105399567_Page_098_Image_0001.txt,analysis_results/full_run_20260613/predictions/bnf150test2/biblia9__Midrach_rabba_Nombres_(hébreu)__btv1b105399567_Page_098_Image_0001.xml,1595,1499,3.4702368111618664,3.261369893374068,3.3625630122376458,26,0.9475357103274218,0.9475357103274218,314,26,0.9398119122257054,1.0,True,True,True,False,True,51,full_run_20260617_selected_handwritings
bnf150test2,BNF 150 test 2,Midrach_rabba_Nombres_(hébreu)__btv1b105399567_Page_098_Image_0001.tif,Midrach_rabba_Nombres_(hébreu)__btv1b105399567_Page_098_Image_0001,italian_7,italian 7,3541.8133800475043,0.3195266272189349,0.1028571428571428,177.0,gt,datasets/bnf150test2/gt/Midrach_rabba_Nombres_(hébreu)__btv1b105399567_Page_098_Image_0001.txt,analysis_results/full_run_20260613/predictions/bnf150test2/italian_7__Midrach_rabba_Nombres_(hébreu)__btv1b105399567_Page_098_Image_0001.xml,1595,1539,2.301373216405136,2.2205726520674007,2.2602510402345275,26,0.9554115717178644,0.9554115717178644,323,26,0.9648902821316614,1.0,True,True,True,False,True,51,full_run_20260617_selected_handwritings
bnf150test2,BNF 150 test 2,Midrach_rabba_Nombres_(hébreu)__btv1b105399567_Page_098_Image_0001.tif,Midrach_rabba_Nombres_(hébreu)__btv1b105399567_Page_098_Image_0001,prenumeranten,prenumeranten,5147.716719567776,0.9940828402366864,0.6374603174603175,1011.0,gt,datasets/bnf150test2/gt/Midrach_rabba_Nombres_(hébreu)__btv1b105399567_Page_098_Image_0001.txt,analysis_results/full_run_20260613/predictions/bnf150test2/prenumeranten__Midrach_rabba_Nombres_(hébreu)__btv1b105399567_Page_098_Image_0001.xml,1595,1374,3.74651871875384,3.227408601609891,3.467643462154109,26,0.5691602608557095,0.5691602608557095,305,26,0.8614420062695924,1.0,True,False,False,False,True,51,full_run_20260617_selected_handwritings
bnf150test2,BNF 150 test 2,Midrach_rabba_Nombres_(hébreu)__btv1b105399567_Page_098_Image_0001.tif,Midrach_rabba_Nombres_(hébreu)__btv1b105399567_Page_098_Image_0001,sephardi,sephardi,3574.9617526055663,0.3609467455621302,0.1244444444444444,219.0,gt,datasets/bnf150test2/gt/Midrach_rabba_Nombres_(hébreu)__btv1b105399567_Page_098_Image_0001.txt,analysis_results/full_run_20260613/predictions/bnf150test2/sephardi__Midrach_rabba_Nombres_(hébreu)__btv1b105399567_Page_098_Image_0001.xml,1595,1491,2.3976939990647663,2.2413553307871887,2.316890312770944,26,0.9490205533584052,0.9490205533584052,323,26,0.934796238244514,1.0,True,True,True,False,True,51,full_run_20260617_selected_handwritings
bnf150test2,BNF 150 test 2,Midrach_rabba_Nombres_(hébreu)__btv1b105399567_Page_098_Image_0001.tif,Midrach_rabba_Nombres_(hébreu)__btv1b105399567_Page_098_Image_0001,sinai_no_voc_61,sinai no voc 61,4590.825422644615,0.8609467455621301,0.3606349206349206,586.0,gt,datasets/bnf150test2/gt/Midrach_rabba_Nombres_(hébreu)__btv1b105399567_Page_098_Image_0001.txt,analysis_results/full_run_20260613/predictions/bnf150test2/sinai_no_voc_61__Midrach_rabba_Nombres_(hébreu)__btv1b105399567_Page_098_Image_0001.xml,1595,1403,3.272149267743845,2.8782604530687244,3.06259200976959,26,0.9468519790710336,0.9468519790710336,265,26,0.8796238244514106,1.0,True,True,True,False,True,51,full_run_20260617_selected_handwritings
bnf150test2,BNF 150 test 2,Midrach_rabba_Nombres_(hébreu)__btv1b105399567_Page_098_Image_0001.tif,Midrach_rabba_Nombres_(hébreu)__btv1b105399567_Page_098_Image_0001,vat44,vat44,4599.787573198788,0.7100591715976331,0.2342857142857143,387.0,gt,datasets/bnf150test2/gt/Midrach_rabba_Nombres_(hébreu)__btv1b105399567_Page_098_Image_0001.txt,analysis_results/full_run_20260613/predictions/bnf150test2/vat44__Midrach_rabba_Nombres_(hébreu)__btv1b105399567_Page_098_Image_0001.xml,1595,1414,3.2530322299849983,2.8838793562374847,3.057352989829703,26,0.9265530105059014,0.9265530105059014,250,26,0.8865203761755486,1.0,True,True,True,False,True,51,full_run_20260617_selected_handwritings
huntingtonamitaitanchuma2,Huntington Amitai Tanchuma 2,125_83eef_default.jpg,125_83eef_default,ashkenazy,ashkenazy,,,,,gt,datasets/huntingtonamitaitanchuma2/gt/125_83eef_default.txt,,0,0,,,,0,,,0,0,0.0,0.0,False,False,False,False,True,51,full_run_20260617_selected_handwritings
huntingtonamitaitanchuma2,Huntington Amitai Tanchuma 2,125_83eef_default.jpg,125_83eef_default,biblia9,biblia9,,,,,gt,datasets/huntingtonamitaitanchuma2/gt/125_83eef_default.txt,,0,0,,,,0,,,0,0,0.0,0.0,False,False,False,False,True,51,full_run_20260617_selected_handwritings
huntingtonamitaitanchuma2,Huntington Amitai Tanchuma 2,125_83eef_default.jpg,125_83eef_default,italian_7,italian 7,,,,,gt,datasets/huntingtonamitaitanchuma2/gt/125_83eef_default.txt,,0,0,,,,0,,,0,0,0.0,0.0,False,False,False,False,True,51,full_run_20260617_selected_handwritings
huntingtonamitaitanchuma2,Huntington Amitai Tanchuma 2,125_83eef_default.jpg,125_83eef_default,prenumeranten,prenumeranten,,,,,gt,datasets/huntingtonamitaitanchuma2/gt/125_83eef_default.txt,,0,0,,,,0,,,0,0,0.0,0.0,False,False,False,False,True,51,full_run_20260617_selected_handwritings
huntingtonamitaitanchuma2,Huntington Amitai Tanchuma 2,125_83eef_default.jpg,125_83eef_default,sephardi,sephardi,,,,,gt,datasets/huntingtonamitaitanchuma2/gt/125_83eef_default.txt,,0,0,,,,0,,,0,0,0.0,0.0,False,False,False,False,True,51,full_run_20260617_selected_handwritings
huntingtonamitaitanchuma2,Huntington Amitai Tanchuma 2,125_83eef_default.jpg,125_83eef_default,sinai_no_voc_61,sinai no voc 61,,,,,gt,datasets/huntingtonamitaitanchuma2/gt/125_83eef_default.txt,,0,0,,,,0,,,0,0,0.0,0.0,False,False,False,False,True,51,full_run_20260617_selected_handwritings
huntingtonamitaitanchuma2,Huntington Amitai Tanchuma 2,125_83eef_default.jpg,125_83eef_default,vat44,vat44,,,,,gt,datasets/huntingtonamitaitanchuma2/gt/125_83eef_default.txt,,0,0,,,,0,,,0,0,0.0,0.0,False,False,False,False,True,51,full_run_20260617_selected_handwritings
huntingtonamitaitanchuma2,Huntington Amitai Tanchuma 2,140_6438b_default.jpg,140_6438b_default,ashkenazy,ashkenazy,,,,,gt,datasets/huntingtonamitaitanchuma2/gt/140_6438b_default.txt,,0,0,,,,0,,,0,0,0.0,0.0,False,False,False,False,True,51,full_run_20260617_selected_handwritings
huntingtonamitaitanchuma2,Huntington Amitai Tanchuma 2,140_6438b_default.jpg,140_6438b_default,biblia9,biblia9,,,,,gt,datasets/huntingtonamitaitanchuma2/gt/140_6438b_default.txt,,0,0,,,,0,,,0,0,0.0,0.0,False,False,False,False,True,51,full_run_20260617_selected_handwritings
huntingtonamitaitanchuma2,Huntington Amitai Tanchuma 2,140_6438b_default.jpg,140_6438b_default,italian_7,italian 7,,,,,gt,datasets/huntingtonamitaitanchuma2/gt/140_6438b_default.txt,,0,0,,,,0,,,0,0,0.0,0.0,False,False,False,False,True,51,full_run_20260617_selected_handwritings
huntingtonamitaitanchuma2,Huntington Amitai Tanchuma 2,140_6438b_default.jpg,140_6438b_default,prenumeranten,prenumeranten,,,,,gt,datasets/huntingtonamitaitanchuma2/gt/140_6438b_default.txt,,0,0,,,,0,,,0,0,0.0,0.0,False,False,False,False,True,51,full_run_20260617_selected_handwritings
huntingtonamitaitanchuma2,Huntington Amitai Tanchuma 2,140_6438b_default.jpg,140_6438b_default,sephardi,sephardi,,,,,gt,datasets/huntingtonamitaitanchuma2/gt/140_6438b_default.txt,,0,0,,,,0,,,0,0,0.0,0.0,False,False,False,False,True,51,full_run_20260617_selected_handwritings
huntingtonamitaitanchuma2,Huntington Amitai Tanchuma 2,140_6438b_default.jpg,140_6438b_default,sinai_no_voc_61,sinai no voc 61,,,,,gt,datasets/huntingtonamitaitanchuma2/gt/140_6438b_default.txt,,0,0,,,,0,,,0,0,0.0,0.0,False,False,False,False,True,51,full_run_20260617_selected_handwritings
huntingtonamitaitanchuma2,Huntington Amitai Tanchuma 2,140_6438b_default.jpg,140_6438b_default,vat44,vat44,,,,,gt,datasets/huntingtonamitaitanchuma2/gt/140_6438b_default.txt,,0,0,,,,0,,,0,0,0.0,0.0,False,False,False,False,True,51,full_run_20260617_selected_handwritings
huntingtonamitaitanchuma2,Huntington Amitai Tanchuma 2,16_4b2fa_default.jpg,16_4b2fa_default,ashkenazy,ashkenazy,7906.744902141974,0.5996784565916399,0.1635514018691588,505.0,gt,datasets/huntingtonamitaitanchuma2/gt/16_4b2fa_default.txt,analysis_results/full_run_20260613/predictions/huntingtonamitaitanchuma2/ashkenazy__16_4b2fa_default.xml,3010,2862,2.762664186632416,2.626825548884377,2.693033004816749,31,0.9361103173818704,0.9361103173818704,585,31,0.9508305647840531,1.0,True,True,True,False,True,51,full_run_20260617_selected_handwritings
huntingtonamitaitanchuma2,Huntington Amitai Tanchuma 2,16_4b2fa_default.jpg,16_4b2fa_default,biblia9,biblia9,8599.132828121772,0.9469453376205788,0.4275700934579439,1296.0,gt,datasets/huntingtonamitaitanchuma2/gt/16_4b2fa_default.txt,analysis_results/full_run_20260613/predictions/huntingtonamitaitanchuma2/biblia9__16_4b2fa_default.xml,3010,2438,3.5271258523879294,2.8568547601733463,3.15680353455278,31,0.9415369923362156,0.9415369923362156,453,31,0.8099667774086379,1.0,True,True,True,False,True,51,full_run_20260617_selected_handwritings
huntingtonamitaitanchuma2,Huntington Amitai Tanchuma 2,16_4b2fa_default.jpg,16_4b2fa_default,italian_7,italian 7,7652.533667121512,0.5530546623794212,0.1408544726301735,434.0,gt,datasets/huntingtonamitaitanchuma2/gt/16_4b2fa_default.txt,analysis_results/full_run_20260613/predictions/huntingtonamitaitanchuma2/italian_7__16_4b2fa_default.xml,3010,2904,2.635169995565259,2.542369989076914,2.5879383385598618,31,0.9446722958806212,0.9446722958806212,595,31,0.964784053156146,1.0,True,True,True,False,True,51,full_run_20260617_selected_handwritings
huntingtonamitaitanchuma2,Huntington Amitai Tanchuma 2,16_4b2fa_default.jpg,16_4b2fa_default,prenumeranten,prenumeranten,8108.941365282517,0.9887459807073956,0.6191588785046729,1864.0,gt,datasets/huntingtonamitaitanchuma2/gt/16_4b2fa_default.txt,analysis_results/full_run_20260613/predictions/huntingtonamitaitanchuma2/prenumeranten__16_4b2fa_default.xml,3010,2360,3.4359921039332697,2.694000453582232,3.020089893959969,31,0.5343127055511571,0.5343127055511571,446,31,0.7840531561461794,1.0,True,False,False,False,True,51,full_run_20260617_selected_handwritings
huntingtonamitaitanchuma2,Huntington Amitai Tanchuma 2,16_4b2fa_default.jpg,16_4b2fa_default,sephardi,sephardi,7352.03210526472,0.5128617363344051,0.1371829105473965,430.0,gt,datasets/huntingtonamitaitanchuma2/gt/16_4b2fa_default.txt,analysis_results/full_run_20260613/predictions/huntingtonamitaitanchuma2/sephardi__16_4b2fa_default.xml,3010,2908,2.5282091146027232,2.442535583144425,2.4846340335467114,31,0.9427074174960276,0.9427074174960276,608,31,0.9661129568106313,1.0,True,True,True,False,True,51,full_run_20260617_selected_handwritings
huntingtonamitaitanchuma2,Huntington Amitai Tanchuma 2,16_4b2fa_default.jpg,16_4b2fa_default,sinai_no_voc_61,sinai no voc 61,8365.985000726767,0.8762057877813505,0.3124165554072096,951.0,gt,datasets/huntingtonamitaitanchuma2/gt/16_4b2fa_default.txt,analysis_results/full_run_20260613/predictions/huntingtonamitaitanchuma2/sinai_no_voc_61__16_4b2fa_default.xml,3010,2554,3.275640172563339,2.7793970102082284,3.007183681066415,31,0.9358571458338248,0.9358571458338248,422,31,0.8485049833887043,1.0,True,True,True,False,True,51,full_run_20260617_selected_handwritings
huntingtonamitaitanchuma2,Huntington Amitai Tanchuma 2,16_4b2fa_default.jpg,16_4b2fa_default,vat44,vat44,8955.22314939159,0.8987138263665595,0.3087449933244325,935.0,gt,datasets/huntingtonamitaitanchuma2/gt/16_4b2fa_default.txt,analysis_results/full_run_20260613/predictions/huntingtonamitaitanchuma2/vat44__16_4b2fa_default.xml,3010,2562,3.4954032589350468,2.9751571924889,3.2143658109804703,31,0.9204473081084328,0.9204473081084328,374,31,0.8511627906976744,1.0,True,True,True,False,True,51,full_run_20260617_selected_handwritings
huntingtonamitaitanchuma2,Huntington Amitai Tanchuma 2,183_0f70d_default.jpg,183_0f70d_default,ashkenazy,ashkenazy,,,,,gt,datasets/huntingtonamitaitanchuma2/gt/183_0f70d_default.txt,,0,0,,,,0,,,0,0,0.0,0.0,False,False,False,False,True,51,full_run_20260617_selected_handwritings
huntingtonamitaitanchuma2,Huntington Amitai Tanchuma 2,183_0f70d_default.jpg,183_0f70d_default,biblia9,biblia9,,,,,gt,datasets/huntingtonamitaitanchuma2/gt/183_0f70d_default.txt,,0,0,,,,0,,,0,0,0.0,0.0,False,False,False,False,True,51,full_run_20260617_selected_handwritings
huntingtonamitaitanchuma2,Huntington Amitai Tanchuma 2,183_0f70d_default.jpg,183_0f70d_default,italian_7,italian 7,,,,,gt,datasets/huntingtonamitaitanchuma2/gt/183_0f70d_default.txt,,0,0,,,,0,,,0,0,0.0,0.0,False,False,False,False,True,51,full_run_20260617_selected_handwritings
huntingtonamitaitanchuma2,Huntington Amitai Tanchuma 2,183_0f70d_default.jpg,183_0f70d_default,prenumeranten,prenumeranten,,,,,gt,datasets/huntingtonamitaitanchuma2/gt/183_0f70d_default.txt,,0,0,,,,0,,,0,0,0.0,0.0,False,False,False,False,True,51,full_run_20260617_selected_handwritings
huntingtonamitaitanchuma2,Huntington Amitai Tanchuma 2,183_0f70d_default.jpg,183_0f70d_default,sephardi,sephardi,,,,,gt,datasets/huntingtonamitaitanchuma2/gt/183_0f70d_default.txt,,0,0,,,,0,,,0,0,0.0,0.0,False,False,False,False,True,51,full_run_20260617_selected_handwritings
huntingtonamitaitanchuma2,Huntington Amitai Tanchuma 2,183_0f70d_default.jpg,183_0f70d_default,sinai_no_voc_61,sinai no voc 61,,,,,gt,datasets/huntingtonamitaitanchuma2/gt/183_0f70d_default.txt,,0,0,,,,0,,,0,0,0.0,0.0,False,False,False,False,True,51,full_run_20260617_selected_handwritings
huntingtonamitaitanchuma2,Huntington Amitai Tanchuma 2,183_0f70d_default.jpg,183_0f70d_default,vat44,vat44,,,,,gt,datasets/huntingtonamitaitanchuma2/gt/183_0f70d_default.txt,,0,0,,,,0,,,0,0,0.0,0.0,False,False,False,False,True,51,full_run_20260617_selected_handwritings
huntingtonamitaitanchuma2,Huntington Amitai Tanchuma 2,198_859b9_default.jpg,198_859b9_default,ashkenazy,ashkenazy,,,,,gt,datasets/huntingtonamitaitanchuma2/gt/198_859b9_default.txt,,0,0,,,,0,,,0,0,0.0,0.0,False,False,False,False,True,51,full_run_20260617_selected_handwritings
huntingtonamitaitanchuma2,Huntington Amitai Tanchuma 2,198_859b9_default.jpg,198_859b9_default,biblia9,biblia9,,,,,gt,datasets/huntingtonamitaitanchuma2/gt/198_859b9_default.txt,,0,0,,,,0,,,0,0,0.0,0.0,False,False,False,False,True,51,full_run_20260617_selected_handwritings
huntingtonamitaitanchuma2,Huntington Amitai Tanchuma 2,198_859b9_default.jpg,198_859b9_default,italian_7,italian 7,,,,,gt,datasets/huntingtonamitaitanchuma2/gt/198_859b9_default.txt,,0,0,,,,0,,,0,0,0.0,0.0,False,False,False,False,True,51,full_run_20260617_selected_handwritings
huntingtonamitaitanchuma2,Huntington Amitai Tanchuma 2,198_859b9_default.jpg,198_859b9_default,prenumeranten,prenumeranten,,,,,gt,datasets/huntingtonamitaitanchuma2/gt/198_859b9_default.txt,,0,0,,,,0,,,0,0,0.0,0.0,False,False,False,False,True,51,full_run_20260617_selected_handwritings
huntingtonamitaitanchuma2,Huntington Amitai Tanchuma 2,198_859b9_default.jpg,198_859b9_default,sephardi,sephardi,,,,,gt,datasets/huntingtonamitaitanchuma2/gt/198_859b9_default.txt,,0,0,,,,0,,,0,0,0.0,0.0,False,False,False,False,True,51,full_run_20260617_selected_handwritings
huntingtonamitaitanchuma2,Huntington Amitai Tanchuma 2,198_859b9_default.jpg,198_859b9_default,sinai_no_voc_61,sinai no voc 61,,,,,gt,datasets/huntingtonamitaitanchuma2/gt/198_859b9_default.txt,,0,0,,,,0,,,0,0,0.0,0.0,False,False,False,False,True,51,full_run_20260617_selected_handwritings
huntingtonamitaitanchuma2,Huntington Amitai Tanchuma 2,198_859b9_default.jpg,198_859b9_default,vat44,vat44,,,,,gt,datasets/huntingtonamitaitanchuma2/gt/198_859b9_default.txt,,0,0,,,,0,,,0,0,0.0,0.0,False,False,False,False,True,51,full_run_20260617_selected_handwritings
huntingtonamitaitanchuma2,Huntington Amitai Tanchuma 2,207_414bf_default.jpg,207_414bf_default,ashkenazy,ashkenazy,,,,,gt,datasets/huntingtonamitaitanchuma2/gt/207_414bf_default.txt,,0,0,,,,0,,,0,0,0.0,0.0,False,False,False,False,True,51,full_run_20260617_selected_handwritings
huntingtonamitaitanchuma2,Huntington Amitai Tanchuma 2,207_414bf_default.jpg,207_414bf_default,biblia9,biblia9,,,,,gt,datasets/huntingtonamitaitanchuma2/gt/207_414bf_default.txt,,0,0,,,,0,,,0,0,0.0,0.0,False,False,False,False,True,51,full_run_20260617_selected_handwritings
huntingtonamitaitanchuma2,Huntington Amitai Tanchuma 2,207_414bf_default.jpg,207_414bf_default,italian_7,italian 7,,,,,gt,datasets/huntingtonamitaitanchuma2/gt/207_414bf_default.txt,,0,0,,,,0,,,0,0,0.0,0.0,False,False,False,False,True,51,full_run_20260617_selected_handwritings
huntingtonamitaitanchuma2,Huntington Amitai Tanchuma 2,207_414bf_default.jpg,207_414bf_default,prenumeranten,prenumeranten,,,,,gt,datasets/huntingtonamitaitanchuma2/gt/207_414bf_default.txt,,0,0,,,,0,,,0,0,0.0,0.0,False,False,False,False,True,51,full_run_20260617_selected_handwritings
huntingtonamitaitanchuma2,Huntington Amitai Tanchuma 2,207_414bf_default.jpg,207_414bf_default,sephardi,sephardi,,,,,gt,datasets/huntingtonamitaitanchuma2/gt/207_414bf_default.txt,,0,0,,,,0,,,0,0,0.0,0.0,False,False,False,False,True,51,full_run_20260617_selected_handwritings
huntingtonamitaitanchuma2,Huntington Amitai Tanchuma 2,207_414bf_default.jpg,207_414bf_default,sinai_no_voc_61,sinai no voc 61,,,,,gt,datasets/huntingtonamitaitanchuma2/gt/207_414bf_default.txt,,0,0,,,,0,,,0,0,0.0,0.0,False,False,False,False,True,51,full_run_20260617_selected_handwritings
huntingtonamitaitanchuma2,Huntington Amitai Tanchuma 2,207_414bf_default.jpg,207_414bf_default,vat44,vat44,,,,,gt,datasets/huntingtonamitaitanchuma2/gt/207_414bf_default.txt,,0,0,,,,0,,,0,0,0.0,0.0,False,False,False,False,True,51,full_run_20260617_selected_handwritings
huntingtonamitaitanchuma2,Huntington Amitai Tanchuma 2,216_b2421_default.jpg,216_b2421_default,ashkenazy,ashkenazy,,,,,gt,datasets/huntingtonamitaitanchuma2/gt/216_b2421_default.txt,,0,0,,,,0,,,0,0,0.0,0.0,False,False,False,False,True,51,full_run_20260617_selected_handwritings
huntingtonamitaitanchuma2,Huntington Amitai Tanchuma 2,216_b2421_default.jpg,216_b2421_default,biblia9,biblia9,,,,,gt,datasets/huntingtonamitaitanchuma2/gt/216_b2421_default.txt,,0,0,,,,0,,,0,0,0.0,0.0,False,False,False,False,True,51,full_run_20260617_selected_handwritings
huntingtonamitaitanchuma2,Huntington Amitai Tanchuma 2,216_b2421_default.jpg,216_b2421_default,italian_7,italian 7,,,,,gt,datasets/huntingtonamitaitanchuma2/gt/216_b2421_default.txt,,0,0,,,,0,,,0,0,0.0,0.0,False,False,False,False,True,51,full_run_20260617_selected_handwritings
huntingtonamitaitanchuma2,Huntington Amitai Tanchuma 2,216_b2421_default.jpg,216_b2421_default,prenumeranten,prenumeranten,,,,,gt,datasets/huntingtonamitaitanchuma2/gt/216_b2421_default.txt,,0,0,,,,0,,,0,0,0.0,0.0,False,False,False,False,True,51,full_run_20260617_selected_handwritings
huntingtonamitaitanchuma2,Huntington Amitai Tanchuma 2,216_b2421_default.jpg,216_b2421_default,sephardi,sephardi,,,,,gt,datasets/huntingtonamitaitanchuma2/gt/216_b2421_default.txt,,0,0,,,,0,,,0,0,0.0,0.0,False,False,False,False,True,51,full_run_20260617_selected_handwritings
huntingtonamitaitanchuma2,Huntington Amitai Tanchuma 2,216_b2421_default.jpg,216_b2421_default,sinai_no_voc_61,sinai no voc 61,,,,,gt,datasets/huntingtonamitaitanchuma2/gt/216_b2421_default.txt,,0,0,,,,0,,,0,0,0.0,0.0,False,False,False,False,True,51,full_run_20260617_selected_handwritings
huntingtonamitaitanchuma2,Huntington Amitai Tanchuma 2,216_b2421_default.jpg,216_b2421_default,vat44,vat44,,,,,gt,datasets/huntingtonamitaitanchuma2/gt/216_b2421_default.txt,,0,0,,,,0,,,0,0,0.0,0.0,False,False,False,False,True,51,full_run_20260617_selected_handwritings
huntingtonamitaitanchuma2,Huntington Amitai Tanchuma 2,318_48b41_default.jpg,318_48b41_default,ashkenazy,ashkenazy,,,,,gt,datasets/huntingtonamitaitanchuma2/gt/318_48b41_default.txt,,0,0,,,,0,,,0,0,0.0,0.0,False,False,False,False,True,51,full_run_20260617_selected_handwritings
huntingtonamitaitanchuma2,Huntington Amitai Tanchuma 2,318_48b41_default.jpg,318_48b41_default,biblia9,biblia9,,,,,gt,datasets/huntingtonamitaitanchuma2/gt/318_48b41_default.txt,,0,0,,,,0,,,0,0,0.0,0.0,False,False,False,False,True,51,full_run_20260617_selected_handwritings
huntingtonamitaitanchuma2,Huntington Amitai Tanchuma 2,318_48b41_default.jpg,318_48b41_default,italian_7,italian 7,,,,,gt,datasets/huntingtonamitaitanchuma2/gt/318_48b41_default.txt,,0,0,,,,0,,,0,0,0.0,0.0,False,False,False,False,True,51,full_run_20260617_selected_handwritings
huntingtonamitaitanchuma2,Huntington Amitai Tanchuma 2,318_48b41_default.jpg,318_48b41_default,prenumeranten,prenumeranten,,,,,gt,datasets/huntingtonamitaitanchuma2/gt/318_48b41_default.txt,,0,0,,,,0,,,0,0,0.0,0.0,False,False,False,False,True,51,full_run_20260617_selected_handwritings
huntingtonamitaitanchuma2,Huntington Amitai Tanchuma 2,318_48b41_default.jpg,318_48b41_default,sephardi,sephardi,,,,,gt,datasets/huntingtonamitaitanchuma2/gt/318_48b41_default.txt,,0,0,,,,0,,,0,0,0.0,0.0,False,False,False,False,True,51,full_run_20260617_selected_handwritings
huntingtonamitaitanchuma2,Huntington Amitai Tanchuma 2,318_48b41_default.jpg,318_48b41_default,sinai_no_voc_61,sinai no voc 61,,,,,gt,datasets/huntingtonamitaitanchuma2/gt/318_48b41_default.txt,,0,0,,,,0,,,0,0,0.0,0.0,False,False,False,False,True,51,full_run_20260617_selected_handwritings
huntingtonamitaitanchuma2,Huntington Amitai Tanchuma 2,318_48b41_default.jpg,318_48b41_default,vat44,vat44,,,,,gt,datasets/huntingtonamitaitanchuma2/gt/318_48b41_default.txt,,0,0,,,,0,,,0,0,0.0,0.0,False,False,False,False,True,51,full_run_20260617_selected_handwritings
huntingtonamitaitanchuma2,Huntington Amitai Tanchuma 2,345_cf387_default.jpg,345_cf387_default,ashkenazy,ashkenazy,8214.339398304466,0.6722972972972973,0.2215589887640449,648.0,gt,datasets/huntingtonamitaitanchuma2/gt/345_cf387_default.txt,analysis_results/full_run_20260613/predictions/huntingtonamitaitanchuma2/ashkenazy__345_cf387_default.xml,2865,2642,3.109136789668609,2.867134170437859,2.9832356630849706,31,0.9341855161230525,0.9341855161230525,528,31,0.9221640488656196,1.0,True,True,True,False,True,51,full_run_20260617_selected_handwritings
huntingtonamitaitanchuma2,Huntington Amitai Tanchuma 2,345_cf387_default.jpg,345_cf387_default,biblia9,biblia9,8657.059285845608,0.9273648648648648,0.4708567415730337,1360.0,gt,datasets/huntingtonamitaitanchuma2/gt/345_cf387_default.txt,analysis_results/full_run_20260613/predictions/huntingtonamitaitanchuma2/biblia9__345_cf387_default.xml,2865,2333,3.71069836512885,3.0216611817960235,3.330919309675109,31,0.9352770206102704,0.9352770206102704,397,31,0.8143106457242583,1.0,True,True,True,False,True,51,full_run_20260617_selected_handwritings
huntingtonamitaitanchuma2,Huntington Amitai Tanchuma 2,345_cf387_default.jpg,345_cf387_default,italian_7,italian 7,8175.008046858944,0.606418918918919,0.1836376404494382,540.0,gt,datasets/huntingtonamitaitanchuma2/gt/345_cf387_default.txt,analysis_results/full_run_20260613/predictions/huntingtonamitaitanchuma2/italian_7__345_cf387_default.xml,2865,2740,2.9835795791456,2.853405950038026,2.917041229922906,31,0.9410335273713026,0.9410335273713026,548,31,0.956369982547993,1.0,True,True,True,False,True,51,full_run_20260617_selected_handwritings
huntingtonamitaitanchuma2,Huntington Amitai Tanchuma 2,345_cf387_default.jpg,345_cf387_default,prenumeranten,prenumeranten,8391.60734995734,0.9898648648648648,0.6671348314606742,1912.0,gt,datasets/huntingtonamitaitanchuma2/gt/345_cf387_default.txt,analysis_results/full_run_20260613/predictions/huntingtonamitaitanchuma2/prenumeranten__345_cf387_default.xml,2865,2325,3.609293483852619,2.9290078010322302,3.2337600577870287,31,0.546409482935734,0.546409482935734,405,31,0.8115183246073299,1.0,True,False,False,False,True,51,full_run_20260617_selected_handwritings
huntingtonamitaitanchuma2,Huntington Amitai Tanchuma 2,345_cf387_default.jpg,345_cf387_default,sephardi,sephardi,8032.250771864667,0.6317567567567568,0.2047050561797752,600.0,gt,datasets/huntingtonamitaitanchuma2/gt/345_cf387_default.txt,analysis_results/full_run_20260613/predictions/huntingtonamitaitanchuma2/sephardi__345_cf387_default.xml,2865,2695,2.980427002547186,2.8035779308428155,2.88929883880024,31,0.9410412395785126,0.9410412395785126,556,31,0.9406631762652704,1.0,True,True,True,False,True,51,full_run_20260617_selected_handwritings
huntingtonamitaitanchuma2,Huntington Amitai Tanchuma 2,345_cf387_default.jpg,345_cf387_default,sinai_no_voc_61,sinai no voc 61,8125.272711120546,0.9307432432432432,0.4006320224719101,1164.0,gt,datasets/huntingtonamitaitanchuma2/gt/345_cf387_default.txt,analysis_results/full_run_20260613/predictions/huntingtonamitaitanchuma2/sinai_no_voc_61__345_cf387_default.xml,2865,2339,3.473823305310195,2.836046321508044,3.12270280980805,31,0.942695480819672,0.942695480819672,375,31,0.8164048865619546,1.0,True,True,True,False,True,51,full_run_20260617_selected_handwritings
huntingtonamitaitanchuma2,Huntington Amitai Tanchuma 2,345_cf387_default.jpg,345_cf387_default,vat44,vat44,9022.746613025663,0.8969594594594594,0.3419943820224719,990.0,gt,datasets/huntingtonamitaitanchuma2/gt/345_cf387_default.txt,analysis_results/full_run_20260613/predictions/huntingtonamitaitanchuma2/vat44__345_cf387_default.xml,2865,2415,3.7361269619153887,3.1493007375307727,3.417707050388509,31,0.917608446604148,0.917608446604148,362,31,0.8429319371727748,1.0,True,True,True,False,True,51,full_run_20260617_selected_handwritings
huntingtonamitaitanchuma2,Huntington Amitai Tanchuma 2,380_52bbf_default.jpg,380_52bbf_default,ashkenazy,ashkenazy,,,,,gt,datasets/huntingtonamitaitanchuma2/gt/380_52bbf_default.txt,,0,0,,,,0,,,0,0,0.0,0.0,False,False,False,False,True,51,full_run_20260617_selected_handwritings
huntingtonamitaitanchuma2,Huntington Amitai Tanchuma 2,380_52bbf_default.jpg,380_52bbf_default,biblia9,biblia9,,,,,gt,datasets/huntingtonamitaitanchuma2/gt/380_52bbf_default.txt,,0,0,,,,0,,,0,0,0.0,0.0,False,False,False,False,True,51,full_run_20260617_selected_handwritings
huntingtonamitaitanchuma2,Huntington Amitai Tanchuma 2,380_52bbf_default.jpg,380_52bbf_default,italian_7,italian 7,,,,,gt,datasets/huntingtonamitaitanchuma2/gt/380_52bbf_default.txt,,0,0,,,,0,,,0,0,0.0,0.0,False,False,False,False,True,51,full_run_20260617_selected_handwritings
huntingtonamitaitanchuma2,Huntington Amitai Tanchuma 2,380_52bbf_default.jpg,380_52bbf_default,prenumeranten,prenumeranten,,,,,gt,datasets/huntingtonamitaitanchuma2/gt/380_52bbf_default.txt,,0,0,,,,0,,,0,0,0.0,0.0,False,False,False,False,True,51,full_run_20260617_selected_handwritings
huntingtonamitaitanchuma2,Huntington Amitai Tanchuma 2,380_52bbf_default.jpg,380_52bbf_default,sephardi,sephardi,,,,,gt,datasets/huntingtonamitaitanchuma2/gt/380_52bbf_default.txt,,0,0,,,,0,,,0,0,0.0,0.0,False,False,False,False,True,51,full_run_20260617_selected_handwritings
huntingtonamitaitanchuma2,Huntington Amitai Tanchuma 2,380_52bbf_default.jpg,380_52bbf_default,sinai_no_voc_61,sinai no voc 61,,,,,gt,datasets/huntingtonamitaitanchuma2/gt/380_52bbf_default.txt,,0,0,,,,0,,,0,0,0.0,0.0,False,False,False,False,True,51,full_run_20260617_selected_handwritings
huntingtonamitaitanchuma2,Huntington Amitai Tanchuma 2,380_52bbf_default.jpg,380_52bbf_default,vat44,vat44,,,,,gt,datasets/huntingtonamitaitanchuma2/gt/380_52bbf_default.txt,,0,0,,,,0,,,0,0,0.0,0.0,False,False,False,False,True,51,full_run_20260617_selected_handwritings
munichstaatsbibliothektest2,Munich Staatsbibliothek test 2,145_cbccf_default.jpg,145_cbccf_default,ashkenazy,ashkenazy,2202.805610142648,0.8787878787878788,0.423728813559322,250.0,gt,datasets/munichstaatsbibliothektest2/gt/145_cbccf_default.txt,analysis_results/full_run_20260613/predictions/munichstaatsbibliothektest2/ashkenazy__145_cbccf_default.xml,590,634,3.4744567983322527,3.7335688307502513,3.59935557212851,21,0.8698398263462204,0.8698398263462204,142,21,1.0745762711864406,1.0,True,False,False,False,True,51,full_run_20260617_selected_handwritings
munichstaatsbibliothektest2,Munich Staatsbibliothek test 2,145_cbccf_default.jpg,145_cbccf_default,biblia9,biblia9,3084.5557896494865,1.0606060606060606,0.6966101694915254,423.0,gt,datasets/munichstaatsbibliothektest2/gt/145_cbccf_default.txt,analysis_results/full_run_20260613/predictions/munichstaatsbibliothektest2/biblia9__145_cbccf_default.xml,590,776,3.974943027898823,5.228060660422859,4.516187100511694,21,0.9321403236082616,0.9321403236082616,150,21,1.3152542372881355,1.0,True,True,False,False,True,51,full_run_20260617_selected_handwritings
munichstaatsbibliothektest2,Munich Staatsbibliothek test 2,145_cbccf_default.jpg,145_cbccf_default,italian_7,italian 7,2928.506695959717,1.2348484848484849,0.7966101694915254,469.0,gt,datasets/munichstaatsbibliothektest2/gt/145_cbccf_default.txt,analysis_results/full_run_20260613/predictions/munichstaatsbibliothektest2/italian_7__145_cbccf_default.xml,590,952,3.076162495756005,4.963570671118164,3.79832256285307,21,0.936114645280136,0.936114645280136,205,21,1.6135593220338984,1.0,True,True,False,False,True,51,full_run_20260617_selected_handwritings
munichstaatsbibliothektest2,Munich Staatsbibliothek test 2,145_cbccf_default.jpg,145_cbccf_default,prenumeranten,prenumeranten,2479.5034162700176,1.0,0.7457627118644068,452.0,gt,datasets/munichstaatsbibliothektest2/gt/145_cbccf_default.txt,analysis_results/full_run_20260613/predictions/munichstaatsbibliothektest2/prenumeranten__145_cbccf_default.xml,590,606,4.091589795825112,4.202548163169522,4.14632678306023,21,0.5095730931222892,0.5095730931222892,137,21,1.0271186440677966,1.0,True,False,False,False,True,51,full_run_20260617_selected_handwritings
munichstaatsbibliothektest2,Munich Staatsbibliothek test 2,145_cbccf_default.jpg,145_cbccf_default,sephardi,sephardi,2691.6261440385133,1.1363636363636365,0.7237288135593221,425.0,gt,datasets/munichstaatsbibliothektest2/gt/145_cbccf_default.txt,analysis_results/full_run_20260613/predictions/munichstaatsbibliothektest2/sephardi__145_cbccf_default.xml,590,907,2.967614271266277,4.562078210234768,3.596026912543104,21,0.9223476415003282,0.9223476415003282,196,21,1.5372881355932204,1.0,True,True,False,False,True,51,full_run_20260617_selected_handwritings
munichstaatsbibliothektest2,Munich Staatsbibliothek test 2,145_cbccf_default.jpg,145_cbccf_default,sinai_no_voc_61,sinai no voc 61,100718.73521244526,0.9848484848484848,0.6,355.0,gt,datasets/munichstaatsbibliothektest2/gt/145_cbccf_default.txt,analysis_results/full_run_20260613/predictions/munichstaatsbibliothektest2/sinai_no_voc_61__145_cbccf_default.xml,590,456,220.87441932553784,170.70972069905977,192.57884361844216,21,0.900585583280534,0.900585583280534,96,21,0.7728813559322034,1.0,False,False,False,False,True,51,full_run_20260617_selected_handwritings
munichstaatsbibliothektest2,Munich Staatsbibliothek test 2,145_cbccf_default.jpg,145_cbccf_default,vat44,vat44,3028.17467713356,0.946969696969697,0.6745762711864407,411.0,gt,datasets/munichstaatsbibliothektest2/gt/145_cbccf_default.txt,analysis_results/full_run_20260613/predictions/munichstaatsbibliothektest2/vat44__145_cbccf_default.xml,590,729,4.153874728578272,5.132499452768746,4.59162195168091,21,0.8636396920019229,0.8636396920019229,97,21,1.235593220338983,1.0,True,False,False,False,True,51,full_run_20260617_selected_handwritings
munichstaatsbibliothektest2,Munich Staatsbibliothek test 2,146_899d5_default.jpg,146_899d5_default,ashkenazy,ashkenazy,2133.8395534455776,0.956896551724138,0.4383838383838384,217.0,gt,datasets/munichstaatsbibliothektest2/gt/146_899d5_default.txt,analysis_results/full_run_20260613/predictions/munichstaatsbibliothektest2/ashkenazy__146_899d5_default.xml,492,581,3.672701468925263,4.337072263100768,3.9773337436077862,21,0.8569326599506839,0.8569326599506839,142,21,1.1808943089430894,1.0,True,False,False,False,True,51,full_run_20260617_selected_handwritings
munichstaatsbibliothektest2,Munich Staatsbibliothek test 2,146_899d5_default.jpg,146_899d5_default,biblia9,biblia9,3083.0817334651947,1.2413793103448276,0.896969696969697,454.0,gt,datasets/munichstaatsbibliothektest2/gt/146_899d5_default.txt,analysis_results/full_run_20260613/predictions/munichstaatsbibliothektest2/biblia9__146_899d5_default.xml,492,751,4.105301908741937,6.266426287530884,4.960710753765397,21,0.9213932123905176,0.9213932123905176,152,21,1.5264227642276422,1.0,True,True,False,False,True,51,full_run_20260617_selected_handwritings
munichstaatsbibliothektest2,Munich Staatsbibliothek test 2,146_899d5_default.jpg,146_899d5_default,italian_7,italian 7,2886.7601320296526,1.4224137931034482,0.9676767676767676,481.0,gt,datasets/munichstaatsbibliothektest2/gt/146_899d5_default.txt,analysis_results/full_run_20260613/predictions/munichstaatsbibliothektest2/italian_7__146_899d5_default.xml,492,917,3.1480481265317914,5.867398642336692,4.09760132296615,21,0.9327445068282404,0.9327445068282404,205,21,1.863821138211382,1.0,True,True,False,False,True,51,full_run_20260617_selected_handwritings
munichstaatsbibliothektest2,Munich Staatsbibliothek test 2,146_899d5_default.jpg,146_899d5_default,prenumeranten,prenumeranten,2346.396169871092,1.0172413793103448,0.7878787878787878,400.0,gt,datasets/munichstaatsbibliothektest2/gt/146_899d5_default.txt,analysis_results/full_run_20260613/predictions/munichstaatsbibliothektest2/prenumeranten__146_899d5_default.xml,492,547,4.289572522616256,4.769097906242057,4.516643252879869,21,0.53115781127454,0.53115781127454,124,21,1.1117886178861789,1.0,True,False,False,False,True,51,full_run_20260617_selected_handwritings
munichstaatsbibliothektest2,Munich Staatsbibliothek test 2,146_899d5_default.jpg,146_899d5_default,sephardi,sephardi,2769.804094865918,1.3017241379310345,0.8949494949494949,445.0,gt,datasets/munichstaatsbibliothektest2/gt/146_899d5_default.txt,analysis_results/full_run_20260613/predictions/munichstaatsbibliothektest2/sephardi__146_899d5_default.xml,492,872,3.176380842736145,5.629683119646175,4.061296326782872,21,0.927764051583814,0.927764051583814,193,21,1.772357723577236,1.0,True,True,False,False,True,51,full_run_20260617_selected_handwritings
munichstaatsbibliothektest2,Munich Staatsbibliothek test 2,146_899d5_default.jpg,146_899d5_default,sinai_no_voc_61,sinai no voc 61,100041.62174415588,0.956896551724138,0.6141414141414141,301.0,gt,datasets/munichstaatsbibliothektest2/gt/146_899d5_default.txt,analysis_results/full_run_20260613/predictions/munichstaatsbibliothektest2/sinai_no_voc_61__146_899d5_default.xml,492,313,319.6217947097632,203.33662956129243,248.5506130289587,21,0.9081863184681634,0.9081863184681634,73,21,0.6361788617886179,1.0,False,False,False,False,True,51,full_run_20260617_selected_handwritings
munichstaatsbibliothektest2,Munich Staatsbibliothek test 2,146_899d5_default.jpg,146_899d5_default,vat44,vat44,2877.4964541196823,0.8706896551724138,0.7636363636363637,387.0,gt,datasets/munichstaatsbibliothektest2/gt/146_899d5_default.txt,analysis_results/full_run_20260613/predictions/munichstaatsbibliothektest2/vat44__146_899d5_default.xml,492,705,4.081555254070471,5.848570028698541,4.807847041135643,21,0.8643424275566655,0.8643424275566655,101,21,1.4329268292682926,1.0,True,False,False,False,True,51,full_run_20260617_selected_handwritings
seferhaikarimbnf740experimen,Sefer Haikarim BNF 740 experiment,PNX_MANUSCRIPTS990001118700205171-1_IE51029089_FL51030812.jpg,PNX_MANUSCRIPTS990001118700205171-1_IE51029089_FL51030812,ashkenazy,ashkenazy,4735.030038945377,0.4257142857142857,0.12013165112452,223.0,gt,datasets/seferhaikarimbnf740experimen/gt/PNX_MANUSCRIPTS990001118700205171-1_IE51029089_FL51030812.txt,analysis_results/full_run_20260613/predictions/seferhaikarimbnf740experimen/ashkenazy__PNX_MANUSCRIPTS990001118700205171-1_IE51029089_FL51030812.xml,1822,1771,2.6736476786817485,2.5988090224727647,2.6356972106570424,28,0.9543066039904944,0.9543066039904944,336,31,0.9720087815587268,0.9032258064516128,True,True,True,False,True,51,full_run_20260617_selected_handwritings
seferhaikarimbnf740experimen,Sefer Haikarim BNF 740 experiment,PNX_MANUSCRIPTS990001118700205171-1_IE51029089_FL51030812.jpg,PNX_MANUSCRIPTS990001118700205171-1_IE51029089_FL51030812,biblia9,biblia9,5451.222968712449,0.6857142857142857,0.2111903455842018,391.0,gt,datasets/seferhaikarimbnf740experimen/gt/PNX_MANUSCRIPTS990001118700205171-1_IE51029089_FL51030812.txt,analysis_results/full_run_20260613/predictions/seferhaikarimbnf740experimen/biblia9__PNX_MANUSCRIPTS990001118700205171-1_IE51029089_FL51030812.xml,1822,1745,3.1239100107234665,2.9918896644964046,3.0564748913442386,28,0.9585946964970434,0.9585946964970434,324,31,0.9577387486278814,0.9032258064516128,True,True,True,False,True,51,full_run_20260617_selected_handwritings
seferhaikarimbnf740experimen,Sefer Haikarim BNF 740 experiment,PNX_MANUSCRIPTS990001118700205171-1_IE51029089_FL51030812.jpg,PNX_MANUSCRIPTS990001118700205171-1_IE51029089_FL51030812,italian_7,italian 7,4650.959902421106,0.24,0.0658255622600109,120.0,gt,datasets/seferhaikarimbnf740experimen/gt/PNX_MANUSCRIPTS990001118700205171-1_IE51029089_FL51030812.txt,analysis_results/full_run_20260613/predictions/seferhaikarimbnf740experimen/italian_7__PNX_MANUSCRIPTS990001118700205171-1_IE51029089_FL51030812.xml,1822,1798,2.586740768866021,2.5526673449073027,2.569591106310003,28,0.9663755975021276,0.9663755975021276,346,31,0.986827661909989,0.9032258064516128,True,True,True,False,True,51,full_run_20260617_selected_handwritings
seferhaikarimbnf740experimen,Sefer Haikarim BNF 740 experiment,PNX_MANUSCRIPTS990001118700205171-1_IE51029089_FL51030812.jpg,PNX_MANUSCRIPTS990001118700205171-1_IE51029089_FL51030812,prenumeranten,prenumeranten,6052.412311967928,0.9828571428571428,0.6215030170049369,1151.0,gt,datasets/seferhaikarimbnf740experimen/gt/PNX_MANUSCRIPTS990001118700205171-1_IE51029089_FL51030812.txt,analysis_results/full_run_20260613/predictions/seferhaikarimbnf740experimen/prenumeranten__PNX_MANUSCRIPTS990001118700205171-1_IE51029089_FL51030812.xml,1822,1652,3.6636878401742905,3.321850884724439,3.4844054760897687,28,0.5603662187036514,0.5603662187036514,333,31,0.9066959385290888,0.9032258064516128,True,False,False,False,True,51,full_run_20260617_selected_handwritings
seferhaikarimbnf740experimen,Sefer Haikarim BNF 740 experiment,PNX_MANUSCRIPTS990001118700205171-1_IE51029089_FL51030812.jpg,PNX_MANUSCRIPTS990001118700205171-1_IE51029089_FL51030812,sephardi,sephardi,4576.786027546041,0.48,0.1300054854635216,241.0,gt,datasets/seferhaikarimbnf740experimen/gt/PNX_MANUSCRIPTS990001118700205171-1_IE51029089_FL51030812.txt,analysis_results/full_run_20260613/predictions/seferhaikarimbnf740experimen/sephardi__PNX_MANUSCRIPTS990001118700205171-1_IE51029089_FL51030812.xml,1822,1764,2.5945499022369845,2.511957205019781,2.5525856260714117,28,0.9578791404015726,0.9578791404015726,341,31,0.9681668496158068,0.9032258064516128,True,True,True,False,True,51,full_run_20260617_selected_handwritings
seferhaikarimbnf740experimen,Sefer Haikarim BNF 740 experiment,PNX_MANUSCRIPTS990001118700205171-1_IE51029089_FL51030812.jpg,PNX_MANUSCRIPTS990001118700205171-1_IE51029089_FL51030812,sinai_no_voc_61,sinai no voc 61,5443.496830940247,0.8285714285714286,0.3170597915523861,577.0,gt,datasets/seferhaikarimbnf740experimen/gt/PNX_MANUSCRIPTS990001118700205171-1_IE51029089_FL51030812.txt,analysis_results/full_run_20260613/predictions/seferhaikarimbnf740experimen/sinai_no_voc_61__PNX_MANUSCRIPTS990001118700205171-1_IE51029089_FL51030812.xml,1822,1637,3.325288229041079,2.987649193710344,3.1474396247124874,28,0.9500245303851476,0.9500245303851476,294,31,0.898463227222832,0.9032258064516128,True,True,True,False,True,51,full_run_20260617_selected_handwritings
seferhaikarimbnf740experimen,Sefer Haikarim BNF 740 experiment,PNX_MANUSCRIPTS990001118700205171-1_IE51029089_FL51030812.jpg,PNX_MANUSCRIPTS990001118700205171-1_IE51029089_FL51030812,vat44,vat44,5344.658327683806,0.6514285714285715,0.1865057597366977,343.0,gt,datasets/seferhaikarimbnf740experimen/gt/PNX_MANUSCRIPTS990001118700205171-1_IE51029089_FL51030812.txt,analysis_results/full_run_20260613/predictions/seferhaikarimbnf740experimen/vat44__PNX_MANUSCRIPTS990001118700205171-1_IE51029089_FL51030812.xml,1822,1711,3.123704458026772,2.9334019361601573,3.0255637292294404,28,0.9414781547883286,0.9414781547883286,288,31,0.9390779363336992,0.9032258064516128,True,True,True,False,True,51,full_run_20260617_selected_handwritings
seferhaikarimbnf740experimen,Sefer Haikarim BNF 740 experiment,PNX_MANUSCRIPTS990001118700205171-1_IE51029089_FL51030815.jpg,PNX_MANUSCRIPTS990001118700205171-1_IE51029089_FL51030815,ashkenazy,ashkenazy,4980.00567972241,0.5396341463414634,0.147953216374269,255.0,gt,datasets/seferhaikarimbnf740experimen/gt/PNX_MANUSCRIPTS990001118700205171-1_IE51029089_FL51030815.txt,analysis_results/full_run_20260613/predictions/seferhaikarimbnf740experimen/ashkenazy__PNX_MANUSCRIPTS990001118700205171-1_IE51029089_FL51030815.xml,1711,1695,2.938056448213811,2.91058192853443,2.924254656325549,28,0.9470930841029628,0.9470930841029628,329,28,0.9906487434248976,1.0,True,True,True,False,True,51,full_run_20260617_selected_handwritings
seferhaikarimbnf740experimen,Sefer Haikarim BNF 740 experiment,PNX_MANUSCRIPTS990001118700205171-1_IE51029089_FL51030815.jpg,PNX_MANUSCRIPTS990001118700205171-1_IE51029089_FL51030815,biblia9,biblia9,5189.594018861651,0.6920731707317073,0.2163742690058479,370.0,gt,datasets/seferhaikarimbnf740experimen/gt/PNX_MANUSCRIPTS990001118700205171-1_IE51029089_FL51030815.txt,analysis_results/full_run_20260613/predictions/seferhaikarimbnf740experimen/biblia9__PNX_MANUSCRIPTS990001118700205171-1_IE51029089_FL51030815.xml,1711,1663,3.1206217792313,3.033076574436968,3.07622644864354,28,0.9641468100314524,0.9641468100314524,307,28,0.9719462302746932,1.0,True,True,True,False,True,51,full_run_20260617_selected_handwritings
seferhaikarimbnf740experimen,Sefer Haikarim BNF 740 experiment,PNX_MANUSCRIPTS990001118700205171-1_IE51029089_FL51030815.jpg,PNX_MANUSCRIPTS990001118700205171-1_IE51029089_FL51030815,italian_7,italian 7,4874.082509083906,0.2560975609756097,0.0742690058479532,127.0,gt,datasets/seferhaikarimbnf740experimen/gt/PNX_MANUSCRIPTS990001118700205171-1_IE51029089_FL51030815.txt,analysis_results/full_run_20260613/predictions/seferhaikarimbnf740experimen/italian_7__PNX_MANUSCRIPTS990001118700205171-1_IE51029089_FL51030815.xml,1711,1714,2.8436887450897936,2.848674756916368,2.8461795673482664,28,0.9618579205426128,0.9618579205426128,327,28,1.0017533606078317,1.0,True,True,True,False,True,51,full_run_20260617_selected_handwritings
seferhaikarimbnf740experimen,Sefer Haikarim BNF 740 experiment,PNX_MANUSCRIPTS990001118700205171-1_IE51029089_FL51030815.jpg,PNX_MANUSCRIPTS990001118700205171-1_IE51029089_FL51030815,prenumeranten,prenumeranten,6235.725956559181,0.9969512195121952,0.6497076023391812,1129.0,gt,datasets/seferhaikarimbnf740experimen/gt/PNX_MANUSCRIPTS990001118700205171-1_IE51029089_FL51030815.txt,analysis_results/full_run_20260613/predictions/seferhaikarimbnf740experimen/prenumeranten__PNX_MANUSCRIPTS990001118700205171-1_IE51029089_FL51030815.xml,1711,1680,3.711741640809037,3.644492084488125,3.6778094701027313,28,0.6047385730306616,0.6047385730306616,325,28,0.9818819403857392,1.0,True,False,False,False,True,51,full_run_20260617_selected_handwritings
seferhaikarimbnf740experimen,Sefer Haikarim BNF 740 experiment,PNX_MANUSCRIPTS990001118700205171-1_IE51029089_FL51030815.jpg,PNX_MANUSCRIPTS990001118700205171-1_IE51029089_FL51030815,sephardi,sephardi,4769.203353084391,0.5701219512195121,0.1625730994152046,283.0,gt,datasets/seferhaikarimbnf740experimen/gt/PNX_MANUSCRIPTS990001118700205171-1_IE51029089_FL51030815.txt,analysis_results/full_run_20260613/predictions/seferhaikarimbnf740experimen/sephardi__PNX_MANUSCRIPTS990001118700205171-1_IE51029089_FL51030815.xml,1711,1665,2.8643863982488837,2.7873777633456407,2.825357436661369,28,0.9614210013984174,0.9614210013984174,330,28,0.973115137346581,1.0,True,True,True,False,True,51,full_run_20260617_selected_handwritings
seferhaikarimbnf740experimen,Sefer Haikarim BNF 740 experiment,PNX_MANUSCRIPTS990001118700205171-1_IE51029089_FL51030815.jpg,PNX_MANUSCRIPTS990001118700205171-1_IE51029089_FL51030815,sinai_no_voc_61,sinai no voc 61,5244.130397379398,0.8414634146341463,0.3391812865497076,582.0,gt,datasets/seferhaikarimbnf740experimen/gt/PNX_MANUSCRIPTS990001118700205171-1_IE51029089_FL51030815.txt,analysis_results/full_run_20260613/predictions/seferhaikarimbnf740experimen/sinai_no_voc_61__PNX_MANUSCRIPTS990001118700205171-1_IE51029089_FL51030815.xml,1711,1545,3.394259156879869,3.0649505536992394,3.221210317800613,28,0.9559693654910072,0.9559693654910072,276,28,0.9029807130333138,1.0,True,True,True,False,True,51,full_run_20260617_selected_handwritings
seferhaikarimbnf740experimen,Sefer Haikarim BNF 740 experiment,PNX_MANUSCRIPTS990001118700205171-1_IE51029089_FL51030815.jpg,PNX_MANUSCRIPTS990001118700205171-1_IE51029089_FL51030815,vat44,vat44,5378.573357935529,0.7439024390243902,0.2116959064327485,362.0,gt,datasets/seferhaikarimbnf740experimen/gt/PNX_MANUSCRIPTS990001118700205171-1_IE51029089_FL51030815.txt,analysis_results/full_run_20260613/predictions/seferhaikarimbnf740experimen/vat44__PNX_MANUSCRIPTS990001118700205171-1_IE51029089_FL51030815.xml,1711,1626,3.307855693687287,3.1435262173790357,3.223598056898729,28,0.9452041555889188,0.9452041555889188,259,28,0.9503214494447692,1.0,True,True,True,False,True,51,full_run_20260617_selected_handwritings
vatican34midrashtanchu,Vatican 34 Midrash Tanchuma,106_34e13_default.jpg,106_34e13_default,ashkenazy,ashkenazy,5854.330010909587,0.9902200488997556,0.7469234884965222,1405.0,gt,datasets/vatican34midrashtanchu/gt/106_34e13_default.txt,analysis_results/full_run_20260613/predictions/vatican34midrashtanchu/ashkenazy__106_34e13_default.xml,1907,1835,3.1903705781523635,3.069916104304975,3.1289845060981225,72,0.9685045562237546,0.9685045562237546,410,72,0.9622443628736236,1.0,True,True,True,False,True,51,full_run_20260617_selected_handwritings
vatican34midrashtanchu,Vatican 34 Midrash Tanchuma,106_34e13_default.jpg,106_34e13_default,biblia9,biblia9,7192.925552411936,0.9902200488997556,0.763509898341359,1442.0,gt,datasets/vatican34midrashtanchu/gt/106_34e13_default.txt,analysis_results/full_run_20260613/predictions/vatican34midrashtanchu/biblia9__106_34e13_default.xml,1907,1904,3.777797033829799,3.7718539865820326,3.7748231710374895,72,0.9705773100036086,0.9705773100036086,388,72,0.9984268484530676,1.0,True,True,True,False,True,51,full_run_20260617_selected_handwritings
vatican34midrashtanchu,Vatican 34 Midrash Tanchuma,106_34e13_default.jpg,106_34e13_default,italian_7,italian 7,5580.516246873885,0.9902200488997556,0.7453183520599251,1404.0,gt,datasets/vatican34midrashtanchu/gt/106_34e13_default.txt,analysis_results/full_run_20260613/predictions/vatican34midrashtanchu/italian_7__106_34e13_default.xml,1907,1838,3.036189470551624,2.92633258881693,2.9802489969954,72,0.9718375133769795,0.9718375133769795,407,72,0.963817514420556,1.0,True,True,True,False,True,51,full_run_20260617_selected_handwritings
vatican34midrashtanchu,Vatican 34 Midrash Tanchuma,106_34e13_default.jpg,106_34e13_default,prenumeranten,prenumeranten,8354.945826747338,0.9926650366748166,0.8261102193686464,1572.0,gt,datasets/vatican34midrashtanchu/gt/106_34e13_default.txt,analysis_results/full_run_20260613/predictions/vatican34midrashtanchu/prenumeranten__106_34e13_default.xml,1907,2152,3.8824097707933727,4.381198650627865,4.11675083850571,72,0.7814444825986998,0.7814444825986998,385,72,1.1284740429994755,1.0,True,False,False,False,True,51,full_run_20260617_selected_handwritings
vatican34midrashtanchu,Vatican 34 Midrash Tanchuma,106_34e13_default.jpg,106_34e13_default,sephardi,sephardi,6553.314474083483,0.9902200488997556,0.7549491706795077,1417.0,gt,datasets/vatican34midrashtanchu/gt/106_34e13_default.txt,analysis_results/full_run_20260613/predictions/vatican34midrashtanchu/sephardi__106_34e13_default.xml,1907,1872,3.500702176326647,3.4364522674795404,3.4682796899092265,72,0.9624572572822944,0.9624572572822944,414,72,0.9816465652857892,1.0,True,True,True,False,True,51,full_run_20260617_selected_handwritings
vatican34midrashtanchu,Vatican 34 Midrash Tanchuma,106_34e13_default.jpg,106_34e13_default,sinai_no_voc_61,sinai no voc 61,6719.710716187954,0.9853300733496332,0.7586944890315677,1434.0,gt,datasets/vatican34midrashtanchu/gt/106_34e13_default.txt,analysis_results/full_run_20260613/predictions/vatican34midrashtanchu/sinai_no_voc_61__106_34e13_default.xml,1907,1911,3.5163321382459203,3.5237077693696666,3.520016090197985,72,0.9686354717979964,0.9686354717979964,372,72,1.0020975353959098,1.0,True,True,True,False,True,51,full_run_20260617_selected_handwritings
vatican34midrashtanchu,Vatican 34 Midrash Tanchuma,106_34e13_default.jpg,106_34e13_default,vat44,vat44,7084.032506935298,0.9877750611246944,0.7592295345104334,1434.0,gt,datasets/vatican34midrashtanchu/gt/106_34e13_default.txt,analysis_results/full_run_20260613/predictions/vatican34midrashtanchu/vat44__106_34e13_default.xml,1907,1884,3.760102179901963,3.714752232268117,3.737289637000949,72,0.9436605739507952,0.9436605739507952,362,72,0.9879391714735186,1.0,True,True,True,False,True,51,full_run_20260617_selected_handwritings
vatican34midrashtanchu,Vatican 34 Midrash Tanchuma,407_d9adf_default.jpg,407_d9adf_default,ashkenazy,ashkenazy,6353.730498213321,0.989821882951654,0.7612833061446438,1402.0,gt,datasets/vatican34midrashtanchu/gt/407_d9adf_default.txt,analysis_results/full_run_20260613/predictions/vatican34midrashtanchu/ashkenazy__407_d9adf_default.xml,1859,1838,3.456871870627487,3.4178216773605814,3.437235865952568,72,0.9584127024960932,0.9584127024960932,393,72,0.9887036040882194,1.0,True,True,True,False,True,51,full_run_20260617_selected_handwritings
vatican34midrashtanchu,Vatican 34 Midrash Tanchuma,407_d9adf_default.jpg,407_d9adf_default,biblia9,biblia9,7584.4264288544655,0.9923664122137404,0.7917346383904296,1465.0,gt,datasets/vatican34midrashtanchu/gt/407_d9adf_default.txt,analysis_results/full_run_20260613/predictions/vatican34midrashtanchu/biblia9__407_d9adf_default.xml,1859,1942,3.905471899513113,4.079842081148179,3.990753185400929,72,0.9684598243102026,0.9684598243102026,394,72,1.0446476600322754,1.0,True,True,True,False,True,51,full_run_20260617_selected_handwritings
vatican34midrashtanchu,Vatican 34 Midrash Tanchuma,407_d9adf_default.jpg,407_d9adf_default,italian_7,italian 7,5453.764480528887,0.9821882951653944,0.7574768896139206,1396.0,gt,datasets/vatican34midrashtanchu/gt/407_d9adf_default.txt,analysis_results/full_run_20260613/predictions/vatican34midrashtanchu/italian_7__407_d9adf_default.xml,1859,1821,2.994928325386539,2.9337087038885894,2.964002435070048,72,0.9709144369368592,0.9709144369368592,389,72,0.9795589026358256,1.0,True,True,True,False,True,51,full_run_20260617_selected_handwritings
vatican34midrashtanchu,Vatican 34 Midrash Tanchuma,407_d9adf_default.jpg,407_d9adf_default,prenumeranten,prenumeranten,8507.57257592678,0.9974554707379136,0.831973898858075,1567.0,gt,datasets/vatican34midrashtanchu/gt/407_d9adf_default.txt,analysis_results/full_run_20260613/predictions/vatican34midrashtanchu/prenumeranten__407_d9adf_default.xml,1859,2145,3.966234301131366,4.576424193613115,4.249536751212178,72,0.7860764683624262,0.7860764683624262,389,72,1.1538461538461535,1.0,True,False,False,False,True,51,full_run_20260617_selected_handwritings
vatican34midrashtanchu,Vatican 34 Midrash Tanchuma,407_d9adf_default.jpg,407_d9adf_default,sephardi,sephardi,6585.718389146496,0.989821882951654,0.7705274605764002,1418.0,gt,datasets/vatican34midrashtanchu/gt/407_d9adf_default.txt,analysis_results/full_run_20260613/predictions/vatican34midrashtanchu/sephardi__407_d9adf_default.xml,1859,1844,3.5714307967171885,3.542613442252015,3.5569637532522256,72,0.9650469753310724,0.9650469753310724,397,72,0.9919311457772996,1.0,True,True,True,False,True,51,full_run_20260617_selected_handwritings
vatican34midrashtanchu,Vatican 34 Midrash Tanchuma,407_d9adf_default.jpg,407_d9adf_default,sinai_no_voc_61,sinai no voc 61,6519.410028871149,0.989821882951654,0.7618270799347472,1406.0,gt,datasets/vatican34midrashtanchu/gt/407_d9adf_default.txt,analysis_results/full_run_20260613/predictions/vatican34midrashtanchu/sinai_no_voc_61__407_d9adf_default.xml,1859,1825,3.572279467874602,3.506944609398144,3.539310547704207,72,0.9611963253387904,0.9611963253387904,358,72,0.9817105970952124,1.0,True,True,True,False,True,51,full_run_20260617_selected_handwritings
vatican34midrashtanchu,Vatican 34 Midrash Tanchuma,407_d9adf_default.jpg,407_d9adf_default,vat44,vat44,7342.596014142036,0.9872773536895676,0.7770527460576401,1432.0,gt,datasets/vatican34midrashtanchu/gt/407_d9adf_default.txt,analysis_results/full_run_20260613/predictions/vatican34midrashtanchu/vat44__407_d9adf_default.xml,1859,1877,3.9118785371028433,3.949755790286195,3.930725917634923,72,0.9476953890838292,0.9476953890838292,358,72,1.0096826250672404,1.0,True,True,True,False,True,51,full_run_20260617_selected_handwritings
vatican44amitaimidrashtanchu,Vatican 44 Amitai Midrash Tanchuma,172_41b9b_default.jpg,172_41b9b_default,ashkenazy,ashkenazy,,,,,gt,datasets/vatican44amitaimidrashtanchu/gt/172_41b9b_default.txt,,0,0,,,,0,,,0,0,0.0,0.0,False,False,False,False,True,51,full_run_20260617_selected_handwritings
vatican44amitaimidrashtanchu,Vatican 44 Amitai Midrash Tanchuma,172_41b9b_default.jpg,172_41b9b_default,biblia9,biblia9,,,,,gt,datasets/vatican44amitaimidrashtanchu/gt/172_41b9b_default.txt,,0,0,,,,0,,,0,0,0.0,0.0,False,False,False,False,True,51,full_run_20260617_selected_handwritings
vatican44amitaimidrashtanchu,Vatican 44 Amitai Midrash Tanchuma,172_41b9b_default.jpg,172_41b9b_default,italian_7,italian 7,,,,,gt,datasets/vatican44amitaimidrashtanchu/gt/172_41b9b_default.txt,,0,0,,,,0,,,0,0,0.0,0.0,False,False,False,False,True,51,full_run_20260617_selected_handwritings
vatican44amitaimidrashtanchu,Vatican 44 Amitai Midrash Tanchuma,172_41b9b_default.jpg,172_41b9b_default,prenumeranten,prenumeranten,,,,,gt,datasets/vatican44amitaimidrashtanchu/gt/172_41b9b_default.txt,,0,0,,,,0,,,0,0,0.0,0.0,False,False,False,False,True,51,full_run_20260617_selected_handwritings
vatican44amitaimidrashtanchu,Vatican 44 Amitai Midrash Tanchuma,172_41b9b_default.jpg,172_41b9b_default,sephardi,sephardi,,,,,gt,datasets/vatican44amitaimidrashtanchu/gt/172_41b9b_default.txt,,0,0,,,,0,,,0,0,0.0,0.0,False,False,False,False,True,51,full_run_20260617_selected_handwritings
vatican44amitaimidrashtanchu,Vatican 44 Amitai Midrash Tanchuma,172_41b9b_default.jpg,172_41b9b_default,sinai_no_voc_61,sinai no voc 61,,,,,gt,datasets/vatican44amitaimidrashtanchu/gt/172_41b9b_default.txt,,0,0,,,,0,,,0,0,0.0,0.0,False,False,False,False,True,51,full_run_20260617_selected_handwritings
vatican44amitaimidrashtanchu,Vatican 44 Amitai Midrash Tanchuma,172_41b9b_default.jpg,172_41b9b_default,vat44,vat44,,,,,gt,datasets/vatican44amitaimidrashtanchu/gt/172_41b9b_default.txt,,0,0,,,,0,,,0,0,0.0,0.0,False,False,False,False,True,51,full_run_20260617_selected_handwritings
vatican44amitaimidrashtanchu,Vatican 44 Amitai Midrash Tanchuma,217_39817_default.jpg,217_39817_default,ashkenazy,ashkenazy,3409.071992788231,0.3592233009708738,0.0978552278820375,146.0,gt,datasets/vatican44amitaimidrashtanchu/gt/217_39817_default.txt,analysis_results/full_run_20260613/predictions/vatican44amitaimidrashtanchu/ashkenazy__217_39817_default.xml,1491,1465,2.3270115991728537,2.286433261427385,2.3065439734697097,27,0.9662198146783806,0.9662198146783806,314,27,0.9825620389000672,1.0,True,True,True,False,True,51,full_run_20260617_selected_handwritings
vatican44amitaimidrashtanchu,Vatican 44 Amitai Midrash Tanchuma,217_39817_default.jpg,217_39817_default,biblia9,biblia9,2050.9132993523344,0.0161812297734627,0.0040214477211796,7.0,gt,datasets/vatican44amitaimidrashtanchu/gt/217_39817_default.txt,analysis_results/full_run_20260613/predictions/vatican44amitaimidrashtanchu/biblia9__217_39817_default.xml,1491,1487,1.379228849598073,1.3755287051323504,1.3773762923790025,27,0.9777535647381248,0.9777535647381248,312,27,0.9973172367538564,1.0,True,True,True,False,True,51,full_run_20260617_selected_handwritings
vatican44amitaimidrashtanchu,Vatican 44 Amitai Midrash Tanchuma,217_39817_default.jpg,217_39817_default,italian_7,italian 7,3264.327036325616,0.3236245954692556,0.081769436997319,121.0,gt,datasets/vatican44amitaimidrashtanchu/gt/217_39817_default.txt,analysis_results/full_run_20260613/predictions/vatican44amitaimidrashtanchu/italian_7__217_39817_default.xml,1491,1493,2.186421323727807,2.189354149111748,2.187886753569448,27,0.9679664837980072,0.9679664837980072,315,27,1.0013413816230718,1.0,True,True,True,False,True,51,full_run_20260617_selected_handwritings
vatican44amitaimidrashtanchu,Vatican 44 Amitai Midrash Tanchuma,217_39817_default.jpg,217_39817_default,prenumeranten,prenumeranten,5377.673624439165,0.9967637540453076,0.564343163538874,861.0,gt,datasets/vatican44amitaimidrashtanchu/gt/217_39817_default.txt,analysis_results/full_run_20260613/predictions/vatican44amitaimidrashtanchu/prenumeranten__217_39817_default.xml,1491,1604,3.352664354388507,3.606756287350212,3.475071809007538,27,0.6542626912885181,0.6542626912885181,323,27,1.075788061703555,1.0,True,False,False,False,True,51,full_run_20260617_selected_handwritings
vatican44amitaimidrashtanchu,Vatican 44 Amitai Midrash Tanchuma,217_39817_default.jpg,217_39817_default,sephardi,sephardi,3299.004635360121,0.3333333333333333,0.0878016085790884,132.0,gt,datasets/vatican44amitaimidrashtanchu/gt/217_39817_default.txt,analysis_results/full_run_20260613/predictions/vatican44amitaimidrashtanchu/sephardi__217_39817_default.xml,1491,1491,2.212612096150316,2.212612096150316,2.212612096150316,27,0.9639024411379786,0.9639024411379786,320,27,1.0,1.0,True,True,True,False,True,51,full_run_20260617_selected_handwritings
vatican44amitaimidrashtanchu,Vatican 44 Amitai Midrash Tanchuma,217_39817_default.jpg,217_39817_default,sinai_no_voc_61,sinai no voc 61,3855.485390368121,0.5825242718446602,0.225201072386059,334.0,gt,datasets/vatican44amitaimidrashtanchu/gt/217_39817_default.txt,analysis_results/full_run_20260613/predictions/vatican44amitaimidrashtanchu/sinai_no_voc_61__217_39817_default.xml,1491,1472,2.619215618456604,2.5858386253307315,2.6024201082471285,27,0.9614317086040116,0.9614317086040116,286,27,0.9872568745808182,1.0,True,True,True,False,True,51,full_run_20260617_selected_handwritings
vatican44amitaimidrashtanchu,Vatican 44 Amitai Midrash Tanchuma,217_39817_default.jpg,217_39817_default,vat44,vat44,2817.6211433797835,0.3268608414239482,0.0676943699731903,100.0,gt,datasets/vatican44amitaimidrashtanchu/gt/217_39817_default.txt,analysis_results/full_run_20260613/predictions/vatican44amitaimidrashtanchu/vat44__217_39817_default.xml,1491,1438,1.959402742266887,1.8897526112540464,1.923947520232013,27,0.9636553847818584,0.9636553847818584,273,27,0.9644533869885984,1.0,True,True,True,False,True,51,full_run_20260617_selected_handwritings
vatican44amitaimidrashtanchu,Vatican 44 Amitai Midrash Tanchuma,275_1c93f_default.jpg,275_1c93f_default,ashkenazy,ashkenazy,,,,,gt,datasets/vatican44amitaimidrashtanchu/gt/275_1c93f_default.txt,,0,0,,,,0,,,0,0,0.0,0.0,False,False,False,False,True,51,full_run_20260617_selected_handwritings
vatican44amitaimidrashtanchu,Vatican 44 Amitai Midrash Tanchuma,275_1c93f_default.jpg,275_1c93f_default,biblia9,biblia9,,,,,gt,datasets/vatican44amitaimidrashtanchu/gt/275_1c93f_default.txt,,0,0,,,,0,,,0,0,0.0,0.0,False,False,False,False,True,51,full_run_20260617_selected_handwritings
vatican44amitaimidrashtanchu,Vatican 44 Amitai Midrash Tanchuma,275_1c93f_default.jpg,275_1c93f_default,italian_7,italian 7,,,,,gt,datasets/vatican44amitaimidrashtanchu/gt/275_1c93f_default.txt,,0,0,,,,0,,,0,0,0.0,0.0,False,False,False,False,True,51,full_run_20260617_selected_handwritings
vatican44amitaimidrashtanchu,Vatican 44 Amitai Midrash Tanchuma,275_1c93f_default.jpg,275_1c93f_default,prenumeranten,prenumeranten,,,,,gt,datasets/vatican44amitaimidrashtanchu/gt/275_1c93f_default.txt,,0,0,,,,0,,,0,0,0.0,0.0,False,False,False,False,True,51,full_run_20260617_selected_handwritings
vatican44amitaimidrashtanchu,Vatican 44 Amitai Midrash Tanchuma,275_1c93f_default.jpg,275_1c93f_default,sephardi,sephardi,,,,,gt,datasets/vatican44amitaimidrashtanchu/gt/275_1c93f_default.txt,,0,0,,,,0,,,0,0,0.0,0.0,False,False,False,False,True,51,full_run_20260617_selected_handwritings
vatican44amitaimidrashtanchu,Vatican 44 Amitai Midrash Tanchuma,275_1c93f_default.jpg,275_1c93f_default,sinai_no_voc_61,sinai no voc 61,,,,,gt,datasets/vatican44amitaimidrashtanchu/gt/275_1c93f_default.txt,,0,0,,,,0,,,0,0,0.0,0.0,False,False,False,False,True,51,full_run_20260617_selected_handwritings
vatican44amitaimidrashtanchu,Vatican 44 Amitai Midrash Tanchuma,275_1c93f_default.jpg,275_1c93f_default,vat44,vat44,,,,,gt,datasets/vatican44amitaimidrashtanchu/gt/275_1c93f_default.txt,,0,0,,,,0,,,0,0,0.0,0.0,False,False,False,False,True,51,full_run_20260617_selected_handwritings
vatican44amitaimidrashtanchu,Vatican 44 Amitai Midrash Tanchuma,310_5d59d_default.jpg,310_5d59d_default,ashkenazy,ashkenazy,3893.873751367908,0.4277108433734939,0.1091463414634146,191.0,gt,datasets/vatican44amitaimidrashtanchu/gt/310_5d59d_default.txt,analysis_results/full_run_20260613/predictions/vatican44amitaimidrashtanchu/ashkenazy__310_5d59d_default.xml,1652,1599,2.435193090286372,2.3570664354527286,2.395492926095298,29,0.963443970880578,0.963443970880578,332,29,0.9679176755447942,1.0,True,True,True,False,True,51,full_run_20260617_selected_handwritings
vatican44amitaimidrashtanchu,Vatican 44 Amitai Midrash Tanchuma,310_5d59d_default.jpg,310_5d59d_default,biblia9,biblia9,2019.9480928287703,0.0180722891566265,0.0048780487804878,8.0,gt,datasets/vatican44amitaimidrashtanchu/gt/310_5d59d_default.txt,analysis_results/full_run_20260613/predictions/vatican44amitaimidrashtanchu/biblia9__310_5d59d_default.xml,1652,1645,1.2279319713244805,1.2227288697510716,1.2253248970753838,29,0.982964303635614,0.982964303635614,331,29,0.9957627118644068,1.0,True,True,True,False,True,51,full_run_20260617_selected_handwritings
vatican44amitaimidrashtanchu,Vatican 44 Amitai Midrash Tanchuma,310_5d59d_default.jpg,310_5d59d_default,italian_7,italian 7,3886.905764084978,0.4367469879518072,0.1067073170731707,183.0,gt,datasets/vatican44amitaimidrashtanchu/gt/310_5d59d_default.txt,analysis_results/full_run_20260613/predictions/vatican44amitaimidrashtanchu/italian_7__310_5d59d_default.xml,1652,1643,2.365736922754095,2.3528485254751685,2.359275122358105,29,0.9632264286070176,0.9632264286070176,338,29,0.99455205811138,1.0,True,True,True,False,True,51,full_run_20260617_selected_handwritings
vatican44amitaimidrashtanchu,Vatican 44 Amitai Midrash Tanchuma,310_5d59d_default.jpg,310_5d59d_default,prenumeranten,prenumeranten,5795.927416716469,1.0602409638554218,0.6042682926829268,1006.0,gt,datasets/vatican44amitaimidrashtanchu/gt/310_5d59d_default.txt,analysis_results/full_run_20260613/predictions/vatican44amitaimidrashtanchu/prenumeranten__310_5d59d_default.xml,1652,1673,3.464391761336802,3.50843063965888,3.486272130355771,29,0.606616602127623,0.606616602127623,365,29,1.0127118644067796,1.0,True,False,False,False,True,51,full_run_20260617_selected_handwritings
vatican44amitaimidrashtanchu,Vatican 44 Amitai Midrash Tanchuma,310_5d59d_default.jpg,310_5d59d_default,sephardi,sephardi,3800.345612372272,0.4277108433734939,0.0969512195121951,170.0,gt,datasets/vatican44amitaimidrashtanchu/gt/310_5d59d_default.txt,analysis_results/full_run_20260613/predictions/vatican44amitaimidrashtanchu/sephardi__310_5d59d_default.xml,1652,1641,2.3158717930361195,2.300451339208397,2.3081358107332357,29,0.9608121261564446,0.9608121261564446,351,29,0.9933414043583536,1.0,True,True,True,False,True,51,full_run_20260617_selected_handwritings
vatican44amitaimidrashtanchu,Vatican 44 Amitai Midrash Tanchuma,310_5d59d_default.jpg,310_5d59d_default,sinai_no_voc_61,sinai no voc 61,4690.219441898633,0.6566265060240963,0.2304878048780488,391.0,gt,datasets/vatican44amitaimidrashtanchu/gt/310_5d59d_default.txt,analysis_results/full_run_20260613/predictions/vatican44amitaimidrashtanchu/sinai_no_voc_61__310_5d59d_default.xml,1652,1618,2.898775922063432,2.839115884926533,2.868635744280509,29,0.9560735226179966,0.9560735226179966,324,29,0.9794188861985472,1.0,True,True,True,False,True,51,full_run_20260617_selected_handwritings
vatican44amitaimidrashtanchu,Vatican 44 Amitai Midrash Tanchuma,310_5d59d_default.jpg,310_5d59d_default,vat44,vat44,3071.9421029195946,0.286144578313253,0.0707317073170731,116.0,gt,datasets/vatican44amitaimidrashtanchu/gt/310_5d59d_default.txt,analysis_results/full_run_20260613/predictions/vatican44amitaimidrashtanchu/vat44__310_5d59d_default.xml,1652,1610,1.908038573241984,1.8595291179900693,1.8834715529856496,29,0.957324716140338,0.957324716140338,315,29,0.9745762711864406,1.0,True,True,True,False,True,51,full_run_20260617_selected_handwritings
vatican44amitaimidrashtanchu,Vatican 44 Amitai Midrash Tanchuma,318_06e85_default.jpg,318_06e85_default,ashkenazy,ashkenazy,,,,,gt,datasets/vatican44amitaimidrashtanchu/gt/318_06e85_default.txt,,0,0,,,,0,,,0,0,0.0,0.0,False,False,False,False,True,51,full_run_20260617_selected_handwritings
vatican44amitaimidrashtanchu,Vatican 44 Amitai Midrash Tanchuma,318_06e85_default.jpg,318_06e85_default,biblia9,biblia9,,,,,gt,datasets/vatican44amitaimidrashtanchu/gt/318_06e85_default.txt,,0,0,,,,0,,,0,0,0.0,0.0,False,False,False,False,True,51,full_run_20260617_selected_handwritings
vatican44amitaimidrashtanchu,Vatican 44 Amitai Midrash Tanchuma,318_06e85_default.jpg,318_06e85_default,italian_7,italian 7,,,,,gt,datasets/vatican44amitaimidrashtanchu/gt/318_06e85_default.txt,,0,0,,,,0,,,0,0,0.0,0.0,False,False,False,False,True,51,full_run_20260617_selected_handwritings
vatican44amitaimidrashtanchu,Vatican 44 Amitai Midrash Tanchuma,318_06e85_default.jpg,318_06e85_default,prenumeranten,prenumeranten,,,,,gt,datasets/vatican44amitaimidrashtanchu/gt/318_06e85_default.txt,,0,0,,,,0,,,0,0,0.0,0.0,False,False,False,False,True,51,full_run_20260617_selected_handwritings
vatican44amitaimidrashtanchu,Vatican 44 Amitai Midrash Tanchuma,318_06e85_default.jpg,318_06e85_default,sephardi,sephardi,,,,,gt,datasets/vatican44amitaimidrashtanchu/gt/318_06e85_default.txt,,0,0,,,,0,,,0,0,0.0,0.0,False,False,False,False,True,51,full_run_20260617_selected_handwritings
vatican44amitaimidrashtanchu,Vatican 44 Amitai Midrash Tanchuma,318_06e85_default.jpg,318_06e85_default,sinai_no_voc_61,sinai no voc 61,,,,,gt,datasets/vatican44amitaimidrashtanchu/gt/318_06e85_default.txt,,0,0,,,,0,,,0,0,0.0,0.0,False,False,False,False,True,51,full_run_20260617_selected_handwritings
vatican44amitaimidrashtanchu,Vatican 44 Amitai Midrash Tanchuma,318_06e85_default.jpg,318_06e85_default,vat44,vat44,,,,,gt,datasets/vatican44amitaimidrashtanchu/gt/318_06e85_default.txt,,0,0,,,,0,,,0,0,0.0,0.0,False,False,False,False,True,51,full_run_20260617_selected_handwritings
vatican44amitaimidrashtanchu,Vatican 44 Amitai Midrash Tanchuma,327_e2363_default.jpg,327_e2363_default,ashkenazy,ashkenazy,,,,,gt,datasets/vatican44amitaimidrashtanchu/gt/327_e2363_default.txt,,0,0,,,,0,,,0,0,0.0,0.0,False,False,False,False,True,51,full_run_20260617_selected_handwritings
vatican44amitaimidrashtanchu,Vatican 44 Amitai Midrash Tanchuma,327_e2363_default.jpg,327_e2363_default,biblia9,biblia9,,,,,gt,datasets/vatican44amitaimidrashtanchu/gt/327_e2363_default.txt,,0,0,,,,0,,,0,0,0.0,0.0,False,False,False,False,True,51,full_run_20260617_selected_handwritings
vatican44amitaimidrashtanchu,Vatican 44 Amitai Midrash Tanchuma,327_e2363_default.jpg,327_e2363_default,italian_7,italian 7,,,,,gt,datasets/vatican44amitaimidrashtanchu/gt/327_e2363_default.txt,,0,0,,,,0,,,0,0,0.0,0.0,False,False,False,False,True,51,full_run_20260617_selected_handwritings
vatican44amitaimidrashtanchu,Vatican 44 Amitai Midrash Tanchuma,327_e2363_default.jpg,327_e2363_default,prenumeranten,prenumeranten,,,,,gt,datasets/vatican44amitaimidrashtanchu/gt/327_e2363_default.txt,,0,0,,,,0,,,0,0,0.0,0.0,False,False,False,False,True,51,full_run_20260617_selected_handwritings
vatican44amitaimidrashtanchu,Vatican 44 Amitai Midrash Tanchuma,327_e2363_default.jpg,327_e2363_default,sephardi,sephardi,,,,,gt,datasets/vatican44amitaimidrashtanchu/gt/327_e2363_default.txt,,0,0,,,,0,,,0,0,0.0,0.0,False,False,False,False,True,51,full_run_20260617_selected_handwritings
vatican44amitaimidrashtanchu,Vatican 44 Amitai Midrash Tanchuma,327_e2363_default.jpg,327_e2363_default,sinai_no_voc_61,sinai no voc 61,,,,,gt,datasets/vatican44amitaimidrashtanchu/gt/327_e2363_default.txt,,0,0,,,,0,,,0,0,0.0,0.0,False,False,False,False,True,51,full_run_20260617_selected_handwritings
vatican44amitaimidrashtanchu,Vatican 44 Amitai Midrash Tanchuma,327_e2363_default.jpg,327_e2363_default,vat44,vat44,,,,,gt,datasets/vatican44amitaimidrashtanchu/gt/327_e2363_default.txt,,0,0,,,,0,,,0,0,0.0,0.0,False,False,False,False,True,51,full_run_20260617_selected_handwritings
vatican44amitaimidrashtanchu,Vatican 44 Amitai Midrash Tanchuma,347_a171b_default.jpg,347_a171b_default,ashkenazy,ashkenazy,,,,,gt,datasets/vatican44amitaimidrashtanchu/gt/347_a171b_default.txt,,0,0,,,,0,,,0,0,0.0,0.0,False,False,False,False,True,51,full_run_20260617_selected_handwritings
vatican44amitaimidrashtanchu,Vatican 44 Amitai Midrash Tanchuma,347_a171b_default.jpg,347_a171b_default,biblia9,biblia9,,,,,gt,datasets/vatican44amitaimidrashtanchu/gt/347_a171b_default.txt,,0,0,,,,0,,,0,0,0.0,0.0,False,False,False,False,True,51,full_run_20260617_selected_handwritings
vatican44amitaimidrashtanchu,Vatican 44 Amitai Midrash Tanchuma,347_a171b_default.jpg,347_a171b_default,italian_7,italian 7,,,,,gt,datasets/vatican44amitaimidrashtanchu/gt/347_a171b_default.txt,,0,0,,,,0,,,0,0,0.0,0.0,False,False,False,False,True,51,full_run_20260617_selected_handwritings
vatican44amitaimidrashtanchu,Vatican 44 Amitai Midrash Tanchuma,347_a171b_default.jpg,347_a171b_default,prenumeranten,prenumeranten,,,,,gt,datasets/vatican44amitaimidrashtanchu/gt/347_a171b_default.txt,,0,0,,,,0,,,0,0,0.0,0.0,False,False,False,False,True,51,full_run_20260617_selected_handwritings
vatican44amitaimidrashtanchu,Vatican 44 Amitai Midrash Tanchuma,347_a171b_default.jpg,347_a171b_default,sephardi,sephardi,,,,,gt,datasets/vatican44amitaimidrashtanchu/gt/347_a171b_default.txt,,0,0,,,,0,,,0,0,0.0,0.0,False,False,False,False,True,51,full_run_20260617_selected_handwritings
vatican44amitaimidrashtanchu,Vatican 44 Amitai Midrash Tanchuma,347_a171b_default.jpg,347_a171b_default,sinai_no_voc_61,sinai no voc 61,,,,,gt,datasets/vatican44amitaimidrashtanchu/gt/347_a171b_default.txt,,0,0,,,,0,,,0,0,0.0,0.0,False,False,False,False,True,51,full_run_20260617_selected_handwritings
vatican44amitaimidrashtanchu,Vatican 44 Amitai Midrash Tanchuma,347_a171b_default.jpg,347_a171b_default,vat44,vat44,,,,,gt,datasets/vatican44amitaimidrashtanchu/gt/347_a171b_default.txt,,0,0,,,,0,,,0,0,0.0,0.0,False,False,False,False,True,51,full_run_20260617_selected_handwritings
vatican44amitaimidrashtanchu,Vatican 44 Amitai Midrash Tanchuma,353_aeb97_default.jpg,353_aeb97_default,ashkenazy,ashkenazy,,,,,gt,datasets/vatican44amitaimidrashtanchu/gt/353_aeb97_default.txt,,0,0,,,,0,,,0,0,0.0,0.0,False,False,False,False,True,51,full_run_20260617_selected_handwritings
vatican44amitaimidrashtanchu,Vatican 44 Amitai Midrash Tanchuma,353_aeb97_default.jpg,353_aeb97_default,biblia9,biblia9,,,,,gt,datasets/vatican44amitaimidrashtanchu/gt/353_aeb97_default.txt,,0,0,,,,0,,,0,0,0.0,0.0,False,False,False,False,True,51,full_run_20260617_selected_handwritings
vatican44amitaimidrashtanchu,Vatican 44 Amitai Midrash Tanchuma,353_aeb97_default.jpg,353_aeb97_default,italian_7,italian 7,,,,,gt,datasets/vatican44amitaimidrashtanchu/gt/353_aeb97_default.txt,,0,0,,,,0,,,0,0,0.0,0.0,False,False,False,False,True,51,full_run_20260617_selected_handwritings
vatican44amitaimidrashtanchu,Vatican 44 Amitai Midrash Tanchuma,353_aeb97_default.jpg,353_aeb97_default,prenumeranten,prenumeranten,,,,,gt,datasets/vatican44amitaimidrashtanchu/gt/353_aeb97_default.txt,,0,0,,,,0,,,0,0,0.0,0.0,False,False,False,False,True,51,full_run_20260617_selected_handwritings
vatican44amitaimidrashtanchu,Vatican 44 Amitai Midrash Tanchuma,353_aeb97_default.jpg,353_aeb97_default,sephardi,sephardi,,,,,gt,datasets/vatican44amitaimidrashtanchu/gt/353_aeb97_default.txt,,0,0,,,,0,,,0,0,0.0,0.0,False,False,False,False,True,51,full_run_20260617_selected_handwritings
vatican44amitaimidrashtanchu,Vatican 44 Amitai Midrash Tanchuma,353_aeb97_default.jpg,353_aeb97_default,sinai_no_voc_61,sinai no voc 61,,,,,gt,datasets/vatican44amitaimidrashtanchu/gt/353_aeb97_default.txt,,0,0,,,,0,,,0,0,0.0,0.0,False,False,False,False,True,51,full_run_20260617_selected_handwritings
vatican44amitaimidrashtanchu,Vatican 44 Amitai Midrash Tanchuma,353_aeb97_default.jpg,353_aeb97_default,vat44,vat44,,,,,gt,datasets/vatican44amitaimidrashtanchu/gt/353_aeb97_default.txt,,0,0,,,,0,,,0,0,0.0,0.0,False,False,False,False,True,51,full_run_20260617_selected_handwritings
vatican44amitaimidrashtanchu,Vatican 44 Amitai Midrash Tanchuma,36_459a6_default.jpg,36_459a6_default,ashkenazy,ashkenazy,,,,,gt,datasets/vatican44amitaimidrashtanchu/gt/36_459a6_default.txt,,0,0,,,,0,,,0,0,0.0,0.0,False,False,False,False,True,51,full_run_20260617_selected_handwritings
vatican44amitaimidrashtanchu,Vatican 44 Amitai Midrash Tanchuma,36_459a6_default.jpg,36_459a6_default,biblia9,biblia9,,,,,gt,datasets/vatican44amitaimidrashtanchu/gt/36_459a6_default.txt,,0,0,,,,0,,,0,0,0.0,0.0,False,False,False,False,True,51,full_run_20260617_selected_handwritings
vatican44amitaimidrashtanchu,Vatican 44 Amitai Midrash Tanchuma,36_459a6_default.jpg,36_459a6_default,italian_7,italian 7,,,,,gt,datasets/vatican44amitaimidrashtanchu/gt/36_459a6_default.txt,,0,0,,,,0,,,0,0,0.0,0.0,False,False,False,False,True,51,full_run_20260617_selected_handwritings
vatican44amitaimidrashtanchu,Vatican 44 Amitai Midrash Tanchuma,36_459a6_default.jpg,36_459a6_default,prenumeranten,prenumeranten,,,,,gt,datasets/vatican44amitaimidrashtanchu/gt/36_459a6_default.txt,,0,0,,,,0,,,0,0,0.0,0.0,False,False,False,False,True,51,full_run_20260617_selected_handwritings
vatican44amitaimidrashtanchu,Vatican 44 Amitai Midrash Tanchuma,36_459a6_default.jpg,36_459a6_default,sephardi,sephardi,,,,,gt,datasets/vatican44amitaimidrashtanchu/gt/36_459a6_default.txt,,0,0,,,,0,,,0,0,0.0,0.0,False,False,False,False,True,51,full_run_20260617_selected_handwritings
vatican44amitaimidrashtanchu,Vatican 44 Amitai Midrash Tanchuma,36_459a6_default.jpg,36_459a6_default,sinai_no_voc_61,sinai no voc 61,,,,,gt,datasets/vatican44amitaimidrashtanchu/gt/36_459a6_default.txt,,0,0,,,,0,,,0,0,0.0,0.0,False,False,False,False,True,51,full_run_20260617_selected_handwritings
vatican44amitaimidrashtanchu,Vatican 44 Amitai Midrash Tanchuma,36_459a6_default.jpg,36_459a6_default,vat44,vat44,,,,,gt,datasets/vatican44amitaimidrashtanchu/gt/36_459a6_default.txt,,0,0,,,,0,,,0,0,0.0,0.0,False,False,False,False,True,51,full_run_20260617_selected_handwritings
vatican44amitaimidrashtanchu,Vatican 44 Amitai Midrash Tanchuma,56_753b6_default.jpg,56_753b6_default,ashkenazy,ashkenazy,,,,,gt,datasets/vatican44amitaimidrashtanchu/gt/56_753b6_default.txt,,0,0,,,,0,,,0,0,0.0,0.0,False,False,False,False,True,51,full_run_20260617_selected_handwritings
vatican44amitaimidrashtanchu,Vatican 44 Amitai Midrash Tanchuma,56_753b6_default.jpg,56_753b6_default,biblia9,biblia9,,,,,gt,datasets/vatican44amitaimidrashtanchu/gt/56_753b6_default.txt,,0,0,,,,0,,,0,0,0.0,0.0,False,False,False,False,True,51,full_run_20260617_selected_handwritings
vatican44amitaimidrashtanchu,Vatican 44 Amitai Midrash Tanchuma,56_753b6_default.jpg,56_753b6_default,italian_7,italian 7,,,,,gt,datasets/vatican44amitaimidrashtanchu/gt/56_753b6_default.txt,,0,0,,,,0,,,0,0,0.0,0.0,False,False,False,False,True,51,full_run_20260617_selected_handwritings
vatican44amitaimidrashtanchu,Vatican 44 Amitai Midrash Tanchuma,56_753b6_default.jpg,56_753b6_default,prenumeranten,prenumeranten,,,,,gt,datasets/vatican44amitaimidrashtanchu/gt/56_753b6_default.txt,,0,0,,,,0,,,0,0,0.0,0.0,False,False,False,False,True,51,full_run_20260617_selected_handwritings
vatican44amitaimidrashtanchu,Vatican 44 Amitai Midrash Tanchuma,56_753b6_default.jpg,56_753b6_default,sephardi,sephardi,,,,,gt,datasets/vatican44amitaimidrashtanchu/gt/56_753b6_default.txt,,0,0,,,,0,,,0,0,0.0,0.0,False,False,False,False,True,51,full_run_20260617_selected_handwritings
vatican44amitaimidrashtanchu,Vatican 44 Amitai Midrash Tanchuma,56_753b6_default.jpg,56_753b6_default,sinai_no_voc_61,sinai no voc 61,,,,,gt,datasets/vatican44amitaimidrashtanchu/gt/56_753b6_default.txt,,0,0,,,,0,,,0,0,0.0,0.0,False,False,False,False,True,51,full_run_20260617_selected_handwritings
vatican44amitaimidrashtanchu,Vatican 44 Amitai Midrash Tanchuma,56_753b6_default.jpg,56_753b6_default,vat44,vat44,,,,,gt,datasets/vatican44amitaimidrashtanchu/gt/56_753b6_default.txt,,0,0,,,,0,,,0,0,0.0,0.0,False,False,False,False,True,51,full_run_20260617_selected_handwritings
