dataset,dataset_label,image,image_stem,model,model_label,pll_score,wer,cer,levenshtein,gt_source,gt_file,prediction_file,gt_chars,pred_chars,issue
bodleianoppenheimad,Bodleian Oppenheim Add. 4-128,Bodleian-Library-MS-Oppenheim-Add-4-128_00007_fol-1r.jpg,Bodleian-Library-MS-Oppenheim-Add-4-128_00007_fol-1r,ashkenazy,ashkenazy,99999.0,0.9672131147540984,0.7120253164556962,673.0,gt,datasets/bodleianoppenheimad/gt/Bodleian-Library-MS-Oppenheim-Add-4-128_00007_fol-1r.txt,analysis_results/full_run_20260613/predictions/bodleianoppenheimad/ashkenazy__Bodleian-Library-MS-Oppenheim-Add-4-128_00007_fol-1r.xml,947,337,fallback_penalty
bodleianoppenheimad,Bodleian Oppenheim Add. 4-128,Bodleian-Library-MS-Oppenheim-Add-4-128_00011_fol-3r.jpg,Bodleian-Library-MS-Oppenheim-Add-4-128_00011_fol-3r,ashkenazy,ashkenazy,99999.0,0.9941520467836256,0.991389913899139,802.0,gt,datasets/bodleianoppenheimad/gt/Bodleian-Library-MS-Oppenheim-Add-4-128_00011_fol-3r.txt,analysis_results/full_run_20260613/predictions/bodleianoppenheimad/ashkenazy__Bodleian-Library-MS-Oppenheim-Add-4-128_00011_fol-3r.xml,809,7,fallback_penalty
bodleianoppenheimad,Bodleian Oppenheim Add. 4-128,Bodleian-Library-MS-Oppenheim-Add-4-128_00011_fol-3r.jpg,Bodleian-Library-MS-Oppenheim-Add-4-128_00011_fol-3r,biblia9,biblia9,99999.0,0.9649122807017544,0.6555965559655597,528.0,gt,datasets/bodleianoppenheimad/gt/Bodleian-Library-MS-Oppenheim-Add-4-128_00011_fol-3r.txt,analysis_results/full_run_20260613/predictions/bodleianoppenheimad/biblia9__Bodleian-Library-MS-Oppenheim-Add-4-128_00011_fol-3r.xml,809,443,fallback_penalty
bodleianoppenheimad,Bodleian Oppenheim Add. 4-128,Bodleian-Library-MS-Oppenheim-Add-4-128_00011_fol-3r.jpg,Bodleian-Library-MS-Oppenheim-Add-4-128_00011_fol-3r,italian_7,italian 7,99999.0,0.8713450292397661,0.6014760147601476,485.0,gt,datasets/bodleianoppenheimad/gt/Bodleian-Library-MS-Oppenheim-Add-4-128_00011_fol-3r.txt,analysis_results/full_run_20260613/predictions/bodleianoppenheimad/italian_7__Bodleian-Library-MS-Oppenheim-Add-4-128_00011_fol-3r.xml,809,400,fallback_penalty
bodleianoppenheimad,Bodleian Oppenheim Add. 4-128,Bodleian-Library-MS-Oppenheim-Add-4-128_00011_fol-3r.jpg,Bodleian-Library-MS-Oppenheim-Add-4-128_00011_fol-3r,prenumeranten,prenumeranten,99999.0,0.9883040935672516,0.93849938499385,771.0,gt,datasets/bodleianoppenheimad/gt/Bodleian-Library-MS-Oppenheim-Add-4-128_00011_fol-3r.txt,analysis_results/full_run_20260613/predictions/bodleianoppenheimad/prenumeranten__Bodleian-Library-MS-Oppenheim-Add-4-128_00011_fol-3r.xml,809,40,fallback_penalty
bodleianoppenheimad,Bodleian Oppenheim Add. 4-128,Bodleian-Library-MS-Oppenheim-Add-4-128_00011_fol-3r.jpg,Bodleian-Library-MS-Oppenheim-Add-4-128_00011_fol-3r,sephardi,sephardi,99999.0,0.8888888888888888,0.4624846248462484,372.0,gt,datasets/bodleianoppenheimad/gt/Bodleian-Library-MS-Oppenheim-Add-4-128_00011_fol-3r.txt,analysis_results/full_run_20260613/predictions/bodleianoppenheimad/sephardi__Bodleian-Library-MS-Oppenheim-Add-4-128_00011_fol-3r.xml,809,557,fallback_penalty
bodleianoppenheimad,Bodleian Oppenheim Add. 4-128,Bodleian-Library-MS-Oppenheim-Add-4-128_00011_fol-3r.jpg,Bodleian-Library-MS-Oppenheim-Add-4-128_00011_fol-3r,sinai_no_voc_61,sinai no voc 61,99999.0,0.9766081871345028,0.6642066420664207,535.0,gt,datasets/bodleianoppenheimad/gt/Bodleian-Library-MS-Oppenheim-Add-4-128_00011_fol-3r.txt,analysis_results/full_run_20260613/predictions/bodleianoppenheimad/sinai_no_voc_61__Bodleian-Library-MS-Oppenheim-Add-4-128_00011_fol-3r.xml,809,397,fallback_penalty
bodleianoppenheimad,Bodleian Oppenheim Add. 4-128,Bodleian-Library-MS-Oppenheim-Add-4-128_00011_fol-3r.jpg,Bodleian-Library-MS-Oppenheim-Add-4-128_00011_fol-3r,vat44,vat44,99999.0,0.9883040935672516,0.6519065190651907,524.0,gt,datasets/bodleianoppenheimad/gt/Bodleian-Library-MS-Oppenheim-Add-4-128_00011_fol-3r.txt,analysis_results/full_run_20260613/predictions/bodleianoppenheimad/vat44__Bodleian-Library-MS-Oppenheim-Add-4-128_00011_fol-3r.xml,809,399,fallback_penalty
bodleianoppenheimad,Bodleian Oppenheim Add. 4-128,Bodleian-Library-MS-Oppenheim-Add-4-128_00012_fol-3v.jpg,Bodleian-Library-MS-Oppenheim-Add-4-128_00012_fol-3v,ashkenazy,ashkenazy,99999.0,0.9951923076923076,0.9886831275720164,957.0,gt,datasets/bodleianoppenheimad/gt/Bodleian-Library-MS-Oppenheim-Add-4-128_00012_fol-3v.txt,analysis_results/full_run_20260613/predictions/bodleianoppenheimad/ashkenazy__Bodleian-Library-MS-Oppenheim-Add-4-128_00012_fol-3v.xml,968,11,fallback_penalty
bodleianoppenheimad,Bodleian Oppenheim Add. 4-128,Bodleian-Library-MS-Oppenheim-Add-4-128_00012_fol-3v.jpg,Bodleian-Library-MS-Oppenheim-Add-4-128_00012_fol-3v,italian_7,italian 7,102082.62911188602,0.8942307692307693,0.4351851851851852,421.0,gt,datasets/bodleianoppenheimad/gt/Bodleian-Library-MS-Oppenheim-Add-4-128_00012_fol-3v.txt,analysis_results/full_run_20260613/predictions/bodleianoppenheimad/italian_7__Bodleian-Library-MS-Oppenheim-Add-4-128_00012_fol-3v.xml,968,810,fallback_penalty
bodleianoppenheimad,Bodleian Oppenheim Add. 4-128,Bodleian-Library-MS-Oppenheim-Add-4-128_00012_fol-3v.jpg,Bodleian-Library-MS-Oppenheim-Add-4-128_00012_fol-3v,prenumeranten,prenumeranten,99999.0,0.9903846153846154,0.8786008230452675,859.0,gt,datasets/bodleianoppenheimad/gt/Bodleian-Library-MS-Oppenheim-Add-4-128_00012_fol-3v.txt,analysis_results/full_run_20260613/predictions/bodleianoppenheimad/prenumeranten__Bodleian-Library-MS-Oppenheim-Add-4-128_00012_fol-3v.xml,968,122,fallback_penalty
bodleianoppenheimad,Bodleian Oppenheim Add. 4-128,Bodleian-Library-MS-Oppenheim-Add-4-128_00012_fol-3v.jpg,Bodleian-Library-MS-Oppenheim-Add-4-128_00012_fol-3v,sephardi,sephardi,102039.88659761846,0.8701923076923077,0.4362139917695473,422.0,gt,datasets/bodleianoppenheimad/gt/Bodleian-Library-MS-Oppenheim-Add-4-128_00012_fol-3v.txt,analysis_results/full_run_20260613/predictions/bodleianoppenheimad/sephardi__Bodleian-Library-MS-Oppenheim-Add-4-128_00012_fol-3v.xml,968,795,fallback_penalty
bodleianoppenheimad,Bodleian Oppenheim Add. 4-128,Bodleian-Library-MS-Oppenheim-Add-4-128_00012_fol-3v.jpg,Bodleian-Library-MS-Oppenheim-Add-4-128_00012_fol-3v,sinai_no_voc_61,sinai no voc 61,101887.1579896668,0.971153846153846,0.6162551440329218,594.0,gt,datasets/bodleianoppenheimad/gt/Bodleian-Library-MS-Oppenheim-Add-4-128_00012_fol-3v.txt,analysis_results/full_run_20260613/predictions/bodleianoppenheimad/sinai_no_voc_61__Bodleian-Library-MS-Oppenheim-Add-4-128_00012_fol-3v.xml,968,663,fallback_penalty
bodleianoppenheimad,Bodleian Oppenheim Add. 4-128,Bodleian-Library-MS-Oppenheim-Add-4-128_00012_fol-3v.jpg,Bodleian-Library-MS-Oppenheim-Add-4-128_00012_fol-3v,vat44,vat44,102089.10309123991,0.971153846153846,0.5555555555555556,534.0,gt,datasets/bodleianoppenheimad/gt/Bodleian-Library-MS-Oppenheim-Add-4-128_00012_fol-3v.txt,analysis_results/full_run_20260613/predictions/bodleianoppenheimad/vat44__Bodleian-Library-MS-Oppenheim-Add-4-128_00012_fol-3v.xml,968,696,fallback_penalty
bodleianoppenheimad,Bodleian Oppenheim Add. 4-128,Bodleian-Library-MS-Oppenheim-Add-4-128_00013_fol-4r.jpg,Bodleian-Library-MS-Oppenheim-Add-4-128_00013_fol-4r,ashkenazy,ashkenazy,99999.0,0.9854368932038836,0.9660678642714572,969.0,gt,datasets/bodleianoppenheimad/gt/Bodleian-Library-MS-Oppenheim-Add-4-128_00013_fol-4r.txt,analysis_results/full_run_20260613/predictions/bodleianoppenheimad/ashkenazy__Bodleian-Library-MS-Oppenheim-Add-4-128_00013_fol-4r.xml,1002,33,fallback_penalty
bodleianoppenheimad,Bodleian Oppenheim Add. 4-128,Bodleian-Library-MS-Oppenheim-Add-4-128_00013_fol-4r.jpg,Bodleian-Library-MS-Oppenheim-Add-4-128_00013_fol-4r,biblia9,biblia9,102819.70937776566,0.9466019417475728,0.5169660678642715,521.0,gt,datasets/bodleianoppenheimad/gt/Bodleian-Library-MS-Oppenheim-Add-4-128_00013_fol-4r.txt,analysis_results/full_run_20260613/predictions/bodleianoppenheimad/biblia9__Bodleian-Library-MS-Oppenheim-Add-4-128_00013_fol-4r.xml,1002,866,fallback_penalty
bodleianoppenheimad,Bodleian Oppenheim Add. 4-128,Bodleian-Library-MS-Oppenheim-Add-4-128_00013_fol-4r.jpg,Bodleian-Library-MS-Oppenheim-Add-4-128_00013_fol-4r,italian_7,italian 7,102627.17724138312,0.7087378640776699,0.3263473053892216,334.0,gt,datasets/bodleianoppenheimad/gt/Bodleian-Library-MS-Oppenheim-Add-4-128_00013_fol-4r.txt,analysis_results/full_run_20260613/predictions/bodleianoppenheimad/italian_7__Bodleian-Library-MS-Oppenheim-Add-4-128_00013_fol-4r.xml,1002,910,fallback_penalty
bodleianoppenheimad,Bodleian Oppenheim Add. 4-128,Bodleian-Library-MS-Oppenheim-Add-4-128_00013_fol-4r.jpg,Bodleian-Library-MS-Oppenheim-Add-4-128_00013_fol-4r,prenumeranten,prenumeranten,100872.41072559357,0.9854368932038836,0.811377245508982,821.0,gt,datasets/bodleianoppenheimad/gt/Bodleian-Library-MS-Oppenheim-Add-4-128_00013_fol-4r.txt,analysis_results/full_run_20260613/predictions/bodleianoppenheimad/prenumeranten__Bodleian-Library-MS-Oppenheim-Add-4-128_00013_fol-4r.xml,1002,217,fallback_penalty
bodleianoppenheimad,Bodleian Oppenheim Add. 4-128,Bodleian-Library-MS-Oppenheim-Add-4-128_00013_fol-4r.jpg,Bodleian-Library-MS-Oppenheim-Add-4-128_00013_fol-4r,sephardi,sephardi,102580.47916269302,0.8106796116504854,0.3792415169660678,379.0,gt,datasets/bodleianoppenheimad/gt/Bodleian-Library-MS-Oppenheim-Add-4-128_00013_fol-4r.txt,analysis_results/full_run_20260613/predictions/bodleianoppenheimad/sephardi__Bodleian-Library-MS-Oppenheim-Add-4-128_00013_fol-4r.xml,1002,878,fallback_penalty
bodleianoppenheimad,Bodleian Oppenheim Add. 4-128,Bodleian-Library-MS-Oppenheim-Add-4-128_00013_fol-4r.jpg,Bodleian-Library-MS-Oppenheim-Add-4-128_00013_fol-4r,sinai_no_voc_61,sinai no voc 61,102274.39174175262,0.9757281553398058,0.5898203592814372,589.0,gt,datasets/bodleianoppenheimad/gt/Bodleian-Library-MS-Oppenheim-Add-4-128_00013_fol-4r.txt,analysis_results/full_run_20260613/predictions/bodleianoppenheimad/sinai_no_voc_61__Bodleian-Library-MS-Oppenheim-Add-4-128_00013_fol-4r.xml,1002,684,fallback_penalty
bodleianoppenheimad,Bodleian Oppenheim Add. 4-128,Bodleian-Library-MS-Oppenheim-Add-4-128_00013_fol-4r.jpg,Bodleian-Library-MS-Oppenheim-Add-4-128_00013_fol-4r,vat44,vat44,102893.99144756794,0.9466019417475728,0.4950099800399201,495.0,gt,datasets/bodleianoppenheimad/gt/Bodleian-Library-MS-Oppenheim-Add-4-128_00013_fol-4r.txt,analysis_results/full_run_20260613/predictions/bodleianoppenheimad/vat44__Bodleian-Library-MS-Oppenheim-Add-4-128_00013_fol-4r.xml,1002,810,fallback_penalty
bodleianoppenheimad,Bodleian Oppenheim Add. 4-128,Bodleian-Library-MS-Oppenheim-Add-4-128_00014_fol-4v.jpg,Bodleian-Library-MS-Oppenheim-Add-4-128_00014_fol-4v,ashkenazy,ashkenazy,99999.0,1.0,0.9723451327433628,873.0,gt,datasets/bodleianoppenheimad/gt/Bodleian-Library-MS-Oppenheim-Add-4-128_00014_fol-4v.txt,analysis_results/full_run_20260613/predictions/bodleianoppenheimad/ashkenazy__Bodleian-Library-MS-Oppenheim-Add-4-128_00014_fol-4v.xml,898,25,fallback_penalty
bodleianoppenheimad,Bodleian Oppenheim Add. 4-128,Bodleian-Library-MS-Oppenheim-Add-4-128_00014_fol-4v.jpg,Bodleian-Library-MS-Oppenheim-Add-4-128_00014_fol-4v,biblia9,biblia9,102465.3365828991,0.9162011173184358,0.543141592920354,487.0,gt,datasets/bodleianoppenheimad/gt/Bodleian-Library-MS-Oppenheim-Add-4-128_00014_fol-4v.txt,analysis_results/full_run_20260613/predictions/bodleianoppenheimad/biblia9__Bodleian-Library-MS-Oppenheim-Add-4-128_00014_fol-4v.xml,898,642,fallback_penalty
bodleianoppenheimad,Bodleian Oppenheim Add. 4-128,Bodleian-Library-MS-Oppenheim-Add-4-128_00014_fol-4v.jpg,Bodleian-Library-MS-Oppenheim-Add-4-128_00014_fol-4v,italian_7,italian 7,102266.37254697084,0.8156424581005587,0.4059734513274336,363.0,gt,datasets/bodleianoppenheimad/gt/Bodleian-Library-MS-Oppenheim-Add-4-128_00014_fol-4v.txt,analysis_results/full_run_20260613/predictions/bodleianoppenheimad/italian_7__Bodleian-Library-MS-Oppenheim-Add-4-128_00014_fol-4v.xml,898,655,fallback_penalty
bodleianoppenheimad,Bodleian Oppenheim Add. 4-128,Bodleian-Library-MS-Oppenheim-Add-4-128_00014_fol-4v.jpg,Bodleian-Library-MS-Oppenheim-Add-4-128_00014_fol-4v,prenumeranten,prenumeranten,99999.0,0.994413407821229,0.8174778761061947,738.0,gt,datasets/bodleianoppenheimad/gt/Bodleian-Library-MS-Oppenheim-Add-4-128_00014_fol-4v.txt,analysis_results/full_run_20260613/predictions/bodleianoppenheimad/prenumeranten__Bodleian-Library-MS-Oppenheim-Add-4-128_00014_fol-4v.xml,898,202,fallback_penalty
bodleianoppenheimad,Bodleian Oppenheim Add. 4-128,Bodleian-Library-MS-Oppenheim-Add-4-128_00014_fol-4v.jpg,Bodleian-Library-MS-Oppenheim-Add-4-128_00014_fol-4v,sephardi,sephardi,102456.31892332436,0.7094972067039106,0.3141592920353982,280.0,gt,datasets/bodleianoppenheimad/gt/Bodleian-Library-MS-Oppenheim-Add-4-128_00014_fol-4v.txt,analysis_results/full_run_20260613/predictions/bodleianoppenheimad/sephardi__Bodleian-Library-MS-Oppenheim-Add-4-128_00014_fol-4v.xml,898,773,fallback_penalty
bodleianoppenheimad,Bodleian Oppenheim Add. 4-128,Bodleian-Library-MS-Oppenheim-Add-4-128_00014_fol-4v.jpg,Bodleian-Library-MS-Oppenheim-Add-4-128_00014_fol-4v,sinai_no_voc_61,sinai no voc 61,102282.4998242259,0.9553072625698324,0.581858407079646,519.0,gt,datasets/bodleianoppenheimad/gt/Bodleian-Library-MS-Oppenheim-Add-4-128_00014_fol-4v.txt,analysis_results/full_run_20260613/predictions/bodleianoppenheimad/sinai_no_voc_61__Bodleian-Library-MS-Oppenheim-Add-4-128_00014_fol-4v.xml,898,596,fallback_penalty
bodleianoppenheimad,Bodleian Oppenheim Add. 4-128,Bodleian-Library-MS-Oppenheim-Add-4-128_00014_fol-4v.jpg,Bodleian-Library-MS-Oppenheim-Add-4-128_00014_fol-4v,vat44,vat44,102739.5801281929,0.9441340782122905,0.4634955752212389,415.0,gt,datasets/bodleianoppenheimad/gt/Bodleian-Library-MS-Oppenheim-Add-4-128_00014_fol-4v.txt,analysis_results/full_run_20260613/predictions/bodleianoppenheimad/vat44__Bodleian-Library-MS-Oppenheim-Add-4-128_00014_fol-4v.xml,898,688,fallback_penalty
bodleianoppenheimad,Bodleian Oppenheim Add. 4-128,Bodleian-Library-MS-Oppenheim-Add-4-128_00028_fol-11v.jpg,Bodleian-Library-MS-Oppenheim-Add-4-128_00028_fol-11v,ashkenazy,ashkenazy,99999.0,0.8963730569948186,0.4199363732767762,399.0,gt,datasets/bodleianoppenheimad/gt/Bodleian-Library-MS-Oppenheim-Add-4-128_00028_fol-11v.txt,analysis_results/full_run_20260613/predictions/bodleianoppenheimad/ashkenazy__Bodleian-Library-MS-Oppenheim-Add-4-128_00028_fol-11v.xml,942,678,fallback_penalty
bodleianoppenheimad,Bodleian Oppenheim Add. 4-128,Bodleian-Library-MS-Oppenheim-Add-4-128_00028_fol-11v.jpg,Bodleian-Library-MS-Oppenheim-Add-4-128_00028_fol-11v,biblia9,biblia9,99999.0,0.911917098445596,0.376458112407211,368.0,gt,datasets/bodleianoppenheimad/gt/Bodleian-Library-MS-Oppenheim-Add-4-128_00028_fol-11v.txt,analysis_results/full_run_20260613/predictions/bodleianoppenheimad/biblia9__Bodleian-Library-MS-Oppenheim-Add-4-128_00028_fol-11v.xml,942,940,fallback_penalty
bodleianoppenheimad,Bodleian Oppenheim Add. 4-128,Bodleian-Library-MS-Oppenheim-Add-4-128_00028_fol-11v.jpg,Bodleian-Library-MS-Oppenheim-Add-4-128_00028_fol-11v,italian_7,italian 7,99999.0,0.6321243523316062,0.1813361611876988,176.0,gt,datasets/bodleianoppenheimad/gt/Bodleian-Library-MS-Oppenheim-Add-4-128_00028_fol-11v.txt,analysis_results/full_run_20260613/predictions/bodleianoppenheimad/italian_7__Bodleian-Library-MS-Oppenheim-Add-4-128_00028_fol-11v.xml,942,941,fallback_penalty
bodleianoppenheimad,Bodleian Oppenheim Add. 4-128,Bodleian-Library-MS-Oppenheim-Add-4-128_00028_fol-11v.jpg,Bodleian-Library-MS-Oppenheim-Add-4-128_00028_fol-11v,prenumeranten,prenumeranten,99999.0,1.0,0.6755037115588547,647.0,gt,datasets/bodleianoppenheimad/gt/Bodleian-Library-MS-Oppenheim-Add-4-128_00028_fol-11v.txt,analysis_results/full_run_20260613/predictions/bodleianoppenheimad/prenumeranten__Bodleian-Library-MS-Oppenheim-Add-4-128_00028_fol-11v.xml,942,902,fallback_penalty
bodleianoppenheimad,Bodleian Oppenheim Add. 4-128,Bodleian-Library-MS-Oppenheim-Add-4-128_00028_fol-11v.jpg,Bodleian-Library-MS-Oppenheim-Add-4-128_00028_fol-11v,sephardi,sephardi,99999.0,0.772020725388601,0.2523860021208908,246.0,gt,datasets/bodleianoppenheimad/gt/Bodleian-Library-MS-Oppenheim-Add-4-128_00028_fol-11v.txt,analysis_results/full_run_20260613/predictions/bodleianoppenheimad/sephardi__Bodleian-Library-MS-Oppenheim-Add-4-128_00028_fol-11v.xml,942,916,fallback_penalty
bodleianoppenheimad,Bodleian Oppenheim Add. 4-128,Bodleian-Library-MS-Oppenheim-Add-4-128_00028_fol-11v.jpg,Bodleian-Library-MS-Oppenheim-Add-4-128_00028_fol-11v,sinai_no_voc_61,sinai no voc 61,99999.0,0.927461139896373,0.4475079533404029,424.0,gt,datasets/bodleianoppenheimad/gt/Bodleian-Library-MS-Oppenheim-Add-4-128_00028_fol-11v.txt,analysis_results/full_run_20260613/predictions/bodleianoppenheimad/sinai_no_voc_61__Bodleian-Library-MS-Oppenheim-Add-4-128_00028_fol-11v.xml,942,761,fallback_penalty
bodleianoppenheimad,Bodleian Oppenheim Add. 4-128,Bodleian-Library-MS-Oppenheim-Add-4-128_00028_fol-11v.jpg,Bodleian-Library-MS-Oppenheim-Add-4-128_00028_fol-11v,vat44,vat44,99999.0,0.8704663212435233,0.3425238600212089,320.0,gt,datasets/bodleianoppenheimad/gt/Bodleian-Library-MS-Oppenheim-Add-4-128_00028_fol-11v.txt,analysis_results/full_run_20260613/predictions/bodleianoppenheimad/vat44__Bodleian-Library-MS-Oppenheim-Add-4-128_00028_fol-11v.xml,942,892,fallback_penalty
bodleianoppenheimad,Bodleian Oppenheim Add. 4-128,Bodleian-Library-MS-Oppenheim-Add-4-128_00029_fol-12r.jpg,Bodleian-Library-MS-Oppenheim-Add-4-128_00029_fol-12r,ashkenazy,ashkenazy,102189.59901043028,0.8504672897196262,0.3874045801526717,407.0,gt,datasets/bodleianoppenheimad/gt/Bodleian-Library-MS-Oppenheim-Add-4-128_00029_fol-12r.txt,analysis_results/full_run_20260613/predictions/bodleianoppenheimad/ashkenazy__Bodleian-Library-MS-Oppenheim-Add-4-128_00029_fol-12r.xml,1046,829,fallback_penalty
bodleianoppenheimad,Bodleian Oppenheim Add. 4-128,Bodleian-Library-MS-Oppenheim-Add-4-128_00029_fol-12r.jpg,Bodleian-Library-MS-Oppenheim-Add-4-128_00029_fol-12r,biblia9,biblia9,102524.23082864285,0.8271028037383178,0.3253816793893129,345.0,gt,datasets/bodleianoppenheimad/gt/Bodleian-Library-MS-Oppenheim-Add-4-128_00029_fol-12r.txt,analysis_results/full_run_20260613/predictions/bodleianoppenheimad/biblia9__Bodleian-Library-MS-Oppenheim-Add-4-128_00029_fol-12r.xml,1046,1026,fallback_penalty
bodleianoppenheimad,Bodleian Oppenheim Add. 4-128,Bodleian-Library-MS-Oppenheim-Add-4-128_00029_fol-12r.jpg,Bodleian-Library-MS-Oppenheim-Add-4-128_00029_fol-12r,italian_7,italian 7,102205.36686650103,0.5841121495327103,0.1641221374045801,178.0,gt,datasets/bodleianoppenheimad/gt/Bodleian-Library-MS-Oppenheim-Add-4-128_00029_fol-12r.txt,analysis_results/full_run_20260613/predictions/bodleianoppenheimad/italian_7__Bodleian-Library-MS-Oppenheim-Add-4-128_00029_fol-12r.xml,1046,1026,fallback_penalty
bodleianoppenheimad,Bodleian Oppenheim Add. 4-128,Bodleian-Library-MS-Oppenheim-Add-4-128_00029_fol-12r.jpg,Bodleian-Library-MS-Oppenheim-Add-4-128_00029_fol-12r,prenumeranten,prenumeranten,102831.4705621514,0.9813084112149532,0.6583969465648855,702.0,gt,datasets/bodleianoppenheimad/gt/Bodleian-Library-MS-Oppenheim-Add-4-128_00029_fol-12r.txt,analysis_results/full_run_20260613/predictions/bodleianoppenheimad/prenumeranten__Bodleian-Library-MS-Oppenheim-Add-4-128_00029_fol-12r.xml,1046,1021,fallback_penalty
bodleianoppenheimad,Bodleian Oppenheim Add. 4-128,Bodleian-Library-MS-Oppenheim-Add-4-128_00029_fol-12r.jpg,Bodleian-Library-MS-Oppenheim-Add-4-128_00029_fol-12r,sephardi,sephardi,102264.95006735156,0.6121495327102804,0.2137404580152671,232.0,gt,datasets/bodleianoppenheimad/gt/Bodleian-Library-MS-Oppenheim-Add-4-128_00029_fol-12r.txt,analysis_results/full_run_20260613/predictions/bodleianoppenheimad/sephardi__Bodleian-Library-MS-Oppenheim-Add-4-128_00029_fol-12r.xml,1046,1014,fallback_penalty
bodleianoppenheimad,Bodleian Oppenheim Add. 4-128,Bodleian-Library-MS-Oppenheim-Add-4-128_00029_fol-12r.jpg,Bodleian-Library-MS-Oppenheim-Add-4-128_00029_fol-12r,sinai_no_voc_61,sinai no voc 61,102214.23248568666,0.897196261682243,0.3893129770992366,406.0,gt,datasets/bodleianoppenheimad/gt/Bodleian-Library-MS-Oppenheim-Add-4-128_00029_fol-12r.txt,analysis_results/full_run_20260613/predictions/bodleianoppenheimad/sinai_no_voc_61__Bodleian-Library-MS-Oppenheim-Add-4-128_00029_fol-12r.xml,1046,910,fallback_penalty
bodleianoppenheimad,Bodleian Oppenheim Add. 4-128,Bodleian-Library-MS-Oppenheim-Add-4-128_00029_fol-12r.jpg,Bodleian-Library-MS-Oppenheim-Add-4-128_00029_fol-12r,vat44,vat44,102523.40560024975,0.7710280373831776,0.2776717557251908,290.0,gt,datasets/bodleianoppenheimad/gt/Bodleian-Library-MS-Oppenheim-Add-4-128_00029_fol-12r.txt,analysis_results/full_run_20260613/predictions/bodleianoppenheimad/vat44__Bodleian-Library-MS-Oppenheim-Add-4-128_00029_fol-12r.xml,1046,1000,fallback_penalty
bodleianoppenheimad,Bodleian Oppenheim Add. 4-128,Bodleian-Library-MS-Oppenheim-Add-4-128_00411_fol-203r.jpg,Bodleian-Library-MS-Oppenheim-Add-4-128_00411_fol-203r,ashkenazy,ashkenazy,103572.67486788332,0.631578947368421,0.1981292517006802,241.0,gt,datasets/bodleianoppenheimad/gt/Bodleian-Library-MS-Oppenheim-Add-4-128_00411_fol-203r.txt,analysis_results/full_run_20260613/predictions/bodleianoppenheimad/ashkenazy__Bodleian-Library-MS-Oppenheim-Add-4-128_00411_fol-203r.xml,1183,1138,fallback_penalty
bodleianoppenheimad,Bodleian Oppenheim Add. 4-128,Bodleian-Library-MS-Oppenheim-Add-4-128_00411_fol-203r.jpg,Bodleian-Library-MS-Oppenheim-Add-4-128_00411_fol-203r,biblia9,biblia9,103832.66845014691,0.7651821862348178,0.2508503401360544,308.0,gt,datasets/bodleianoppenheimad/gt/Bodleian-Library-MS-Oppenheim-Add-4-128_00411_fol-203r.txt,analysis_results/full_run_20260613/predictions/bodleianoppenheimad/biblia9__Bodleian-Library-MS-Oppenheim-Add-4-128_00411_fol-203r.xml,1183,1130,fallback_penalty
bodleianoppenheimad,Bodleian Oppenheim Add. 4-128,Bodleian-Library-MS-Oppenheim-Add-4-128_00411_fol-203r.jpg,Bodleian-Library-MS-Oppenheim-Add-4-128_00411_fol-203r,italian_7,italian 7,103261.34445020556,0.4615384615384615,0.1275510204081632,162.0,gt,datasets/bodleianoppenheimad/gt/Bodleian-Library-MS-Oppenheim-Add-4-128_00411_fol-203r.txt,analysis_results/full_run_20260613/predictions/bodleianoppenheimad/italian_7__Bodleian-Library-MS-Oppenheim-Add-4-128_00411_fol-203r.xml,1183,1191,fallback_penalty
bodleianoppenheimad,Bodleian Oppenheim Add. 4-128,Bodleian-Library-MS-Oppenheim-Add-4-128_00411_fol-203r.jpg,Bodleian-Library-MS-Oppenheim-Add-4-128_00411_fol-203r,prenumeranten,prenumeranten,104227.0138583578,0.9838056680161944,0.6479591836734694,773.0,gt,datasets/bodleianoppenheimad/gt/Bodleian-Library-MS-Oppenheim-Add-4-128_00411_fol-203r.txt,analysis_results/full_run_20260613/predictions/bodleianoppenheimad/prenumeranten__Bodleian-Library-MS-Oppenheim-Add-4-128_00411_fol-203r.xml,1183,1149,fallback_penalty
bodleianoppenheimad,Bodleian Oppenheim Add. 4-128,Bodleian-Library-MS-Oppenheim-Add-4-128_00411_fol-203r.jpg,Bodleian-Library-MS-Oppenheim-Add-4-128_00411_fol-203r,sephardi,sephardi,103268.28234186023,0.5384615384615384,0.1454081632653061,184.0,gt,datasets/bodleianoppenheimad/gt/Bodleian-Library-MS-Oppenheim-Add-4-128_00411_fol-203r.txt,analysis_results/full_run_20260613/predictions/bodleianoppenheimad/sephardi__Bodleian-Library-MS-Oppenheim-Add-4-128_00411_fol-203r.xml,1183,1164,fallback_penalty
bodleianoppenheimad,Bodleian Oppenheim Add. 4-128,Bodleian-Library-MS-Oppenheim-Add-4-128_00411_fol-203r.jpg,Bodleian-Library-MS-Oppenheim-Add-4-128_00411_fol-203r,sinai_no_voc_61,sinai no voc 61,103615.96079030744,0.854251012145749,0.3537414965986394,423.0,gt,datasets/bodleianoppenheimad/gt/Bodleian-Library-MS-Oppenheim-Add-4-128_00411_fol-203r.txt,analysis_results/full_run_20260613/predictions/bodleianoppenheimad/sinai_no_voc_61__Bodleian-Library-MS-Oppenheim-Add-4-128_00411_fol-203r.xml,1183,1097,fallback_penalty
bodleianoppenheimad,Bodleian Oppenheim Add. 4-128,Bodleian-Library-MS-Oppenheim-Add-4-128_00411_fol-203r.jpg,Bodleian-Library-MS-Oppenheim-Add-4-128_00411_fol-203r,vat44,vat44,103812.09105402233,0.7611336032388664,0.2482993197278911,301.0,gt,datasets/bodleianoppenheimad/gt/Bodleian-Library-MS-Oppenheim-Add-4-128_00411_fol-203r.txt,analysis_results/full_run_20260613/predictions/bodleianoppenheimad/vat44__Bodleian-Library-MS-Oppenheim-Add-4-128_00411_fol-203r.xml,1183,1116,fallback_penalty
bodleianoppenheimad,Bodleian Oppenheim Add. 4-128,Bodleian-Library-MS-Oppenheim-Add-4-128_00416_fol-205v.jpg,Bodleian-Library-MS-Oppenheim-Add-4-128_00416_fol-205v,ashkenazy,ashkenazy,99999.0,0.967741935483871,0.8137369033760187,703.0,gt,datasets/bodleianoppenheimad/gt/Bodleian-Library-MS-Oppenheim-Add-4-128_00416_fol-205v.txt,analysis_results/full_run_20260613/predictions/bodleianoppenheimad/ashkenazy__Bodleian-Library-MS-Oppenheim-Add-4-128_00416_fol-205v.xml,863,208,fallback_penalty
bodleianoppenheimad,Bodleian Oppenheim Add. 4-128,Bodleian-Library-MS-Oppenheim-Add-4-128_00416_fol-205v.jpg,Bodleian-Library-MS-Oppenheim-Add-4-128_00416_fol-205v,biblia9,biblia9,102490.77470302582,0.9946236559139784,0.7764842840512224,668.0,gt,datasets/bodleianoppenheimad/gt/Bodleian-Library-MS-Oppenheim-Add-4-128_00416_fol-205v.txt,analysis_results/full_run_20260613/predictions/bodleianoppenheimad/biblia9__Bodleian-Library-MS-Oppenheim-Add-4-128_00416_fol-205v.xml,863,860,fallback_penalty
bodleianoppenheimad,Bodleian Oppenheim Add. 4-128,Bodleian-Library-MS-Oppenheim-Add-4-128_00416_fol-205v.jpg,Bodleian-Library-MS-Oppenheim-Add-4-128_00416_fol-205v,italian_7,italian 7,102475.4881632328,1.0591397849462365,0.7427240977881258,639.0,gt,datasets/bodleianoppenheimad/gt/Bodleian-Library-MS-Oppenheim-Add-4-128_00416_fol-205v.txt,analysis_results/full_run_20260613/predictions/bodleianoppenheimad/italian_7__Bodleian-Library-MS-Oppenheim-Add-4-128_00416_fol-205v.xml,863,965,fallback_penalty
bodleianoppenheimad,Bodleian Oppenheim Add. 4-128,Bodleian-Library-MS-Oppenheim-Add-4-128_00416_fol-205v.jpg,Bodleian-Library-MS-Oppenheim-Add-4-128_00416_fol-205v,prenumeranten,prenumeranten,100810.79329244328,0.9731182795698924,0.7031431897555297,603.0,gt,datasets/bodleianoppenheimad/gt/Bodleian-Library-MS-Oppenheim-Add-4-128_00416_fol-205v.txt,analysis_results/full_run_20260613/predictions/bodleianoppenheimad/prenumeranten__Bodleian-Library-MS-Oppenheim-Add-4-128_00416_fol-205v.xml,863,519,fallback_penalty
bodleianoppenheimad,Bodleian Oppenheim Add. 4-128,Bodleian-Library-MS-Oppenheim-Add-4-128_00416_fol-205v.jpg,Bodleian-Library-MS-Oppenheim-Add-4-128_00416_fol-205v,sephardi,sephardi,102251.62917149068,1.0,0.710128055878929,611.0,gt,datasets/bodleianoppenheimad/gt/Bodleian-Library-MS-Oppenheim-Add-4-128_00416_fol-205v.txt,analysis_results/full_run_20260613/predictions/bodleianoppenheimad/sephardi__Bodleian-Library-MS-Oppenheim-Add-4-128_00416_fol-205v.xml,863,839,fallback_penalty
bodleianoppenheimad,Bodleian Oppenheim Add. 4-128,Bodleian-Library-MS-Oppenheim-Add-4-128_00416_fol-205v.jpg,Bodleian-Library-MS-Oppenheim-Add-4-128_00416_fol-205v,sinai_no_voc_61,sinai no voc 61,101732.9018483162,0.9731182795698924,0.6949941792782305,600.0,gt,datasets/bodleianoppenheimad/gt/Bodleian-Library-MS-Oppenheim-Add-4-128_00416_fol-205v.txt,analysis_results/full_run_20260613/predictions/bodleianoppenheimad/sinai_no_voc_61__Bodleian-Library-MS-Oppenheim-Add-4-128_00416_fol-205v.xml,863,555,fallback_penalty
bodleianoppenheimad,Bodleian Oppenheim Add. 4-128,Bodleian-Library-MS-Oppenheim-Add-4-128_00416_fol-205v.jpg,Bodleian-Library-MS-Oppenheim-Add-4-128_00416_fol-205v,vat44,vat44,102401.16230559348,0.9731182795698924,0.7532013969732246,647.0,gt,datasets/bodleianoppenheimad/gt/Bodleian-Library-MS-Oppenheim-Add-4-128_00416_fol-205v.txt,analysis_results/full_run_20260613/predictions/bodleianoppenheimad/vat44__Bodleian-Library-MS-Oppenheim-Add-4-128_00416_fol-205v.xml,863,806,fallback_penalty
matteozzmsoxfordhuntington2,Matteo Zz MS Oxford Huntington 2,33_0f89b_default.jpg,33_0f89b_default,ashkenazy,ashkenazy,99999.0,0.6172106824925816,0.2257033248081841,367.0,gt,datasets/matteozzmsoxfordhuntington2/gt/33_0f89b_default.txt,analysis_results/full_run_20260613/predictions/matteozzmsoxfordhuntington2/ashkenazy__33_0f89b_default.xml,1581,1391,fallback_penalty
matteozzmsoxfordhuntington2,Matteo Zz MS Oxford Huntington 2,33_0f89b_default.jpg,33_0f89b_default,biblia9,biblia9,99999.0,0.7655786350148368,0.3280051150895141,527.0,gt,datasets/matteozzmsoxfordhuntington2/gt/33_0f89b_default.txt,analysis_results/full_run_20260613/predictions/matteozzmsoxfordhuntington2/biblia9__33_0f89b_default.xml,1581,1392,fallback_penalty
matteozzmsoxfordhuntington2,Matteo Zz MS Oxford Huntington 2,33_0f89b_default.jpg,33_0f89b_default,italian_7,italian 7,99999.0,0.5192878338278932,0.1675191815856777,278.0,gt,datasets/matteozzmsoxfordhuntington2/gt/33_0f89b_default.txt,analysis_results/full_run_20260613/predictions/matteozzmsoxfordhuntington2/italian_7__33_0f89b_default.xml,1581,1471,fallback_penalty
matteozzmsoxfordhuntington2,Matteo Zz MS Oxford Huntington 2,33_0f89b_default.jpg,33_0f89b_default,prenumeranten,prenumeranten,99999.0,0.9940652818991098,0.6547314578005116,1029.0,gt,datasets/matteozzmsoxfordhuntington2/gt/33_0f89b_default.txt,analysis_results/full_run_20260613/predictions/matteozzmsoxfordhuntington2/prenumeranten__33_0f89b_default.xml,1581,1160,fallback_penalty
matteozzmsoxfordhuntington2,Matteo Zz MS Oxford Huntington 2,33_0f89b_default.jpg,33_0f89b_default,sephardi,sephardi,99999.0,0.5548961424332344,0.1924552429667519,318.0,gt,datasets/matteozzmsoxfordhuntington2/gt/33_0f89b_default.txt,analysis_results/full_run_20260613/predictions/matteozzmsoxfordhuntington2/sephardi__33_0f89b_default.xml,1581,1431,fallback_penalty
matteozzmsoxfordhuntington2,Matteo Zz MS Oxford Huntington 2,33_0f89b_default.jpg,33_0f89b_default,sinai_no_voc_61,sinai no voc 61,99999.0,0.8130563798219584,0.3714833759590792,594.0,gt,datasets/matteozzmsoxfordhuntington2/gt/33_0f89b_default.txt,analysis_results/full_run_20260613/predictions/matteozzmsoxfordhuntington2/sinai_no_voc_61__33_0f89b_default.xml,1581,1296,fallback_penalty
matteozzmsoxfordhuntington2,Matteo Zz MS Oxford Huntington 2,33_0f89b_default.jpg,33_0f89b_default,vat44,vat44,99999.0,0.7240356083086054,0.2845268542199488,462.0,gt,datasets/matteozzmsoxfordhuntington2/gt/33_0f89b_default.txt,analysis_results/full_run_20260613/predictions/matteozzmsoxfordhuntington2/vat44__33_0f89b_default.xml,1581,1341,fallback_penalty
matteozzmsoxfordhuntington2,Matteo Zz MS Oxford Huntington 2,34_730bf_default.jpg,34_730bf_default,ashkenazy,ashkenazy,102390.5534722805,0.7476340694006309,0.2926670992861778,471.0,gt,datasets/matteozzmsoxfordhuntington2/gt/34_730bf_default.txt,analysis_results/full_run_20260613/predictions/matteozzmsoxfordhuntington2/ashkenazy__34_730bf_default.xml,1563,1360,fallback_penalty
matteozzmsoxfordhuntington2,Matteo Zz MS Oxford Huntington 2,34_730bf_default.jpg,34_730bf_default,biblia9,biblia9,102508.31537365912,0.8706624605678234,0.3835171966255678,611.0,gt,datasets/matteozzmsoxfordhuntington2/gt/34_730bf_default.txt,analysis_results/full_run_20260613/predictions/matteozzmsoxfordhuntington2/biblia9__34_730bf_default.xml,1563,1399,fallback_penalty
matteozzmsoxfordhuntington2,Matteo Zz MS Oxford Huntington 2,34_730bf_default.jpg,34_730bf_default,italian_7,italian 7,102313.48242919148,0.5741324921135647,0.1752109020116807,285.0,gt,datasets/matteozzmsoxfordhuntington2/gt/34_730bf_default.txt,analysis_results/full_run_20260613/predictions/matteozzmsoxfordhuntington2/italian_7__34_730bf_default.xml,1563,1488,fallback_penalty
matteozzmsoxfordhuntington2,Matteo Zz MS Oxford Huntington 2,34_730bf_default.jpg,34_730bf_default,prenumeranten,prenumeranten,102304.4307453744,0.9936908517350158,0.6761842959117457,1041.0,gt,datasets/matteozzmsoxfordhuntington2/gt/34_730bf_default.txt,analysis_results/full_run_20260613/predictions/matteozzmsoxfordhuntington2/prenumeranten__34_730bf_default.xml,1563,1138,fallback_penalty
matteozzmsoxfordhuntington2,Matteo Zz MS Oxford Huntington 2,34_730bf_default.jpg,34_730bf_default,sephardi,sephardi,102315.62662617816,0.6529968454258676,0.2167423750811161,355.0,gt,datasets/matteozzmsoxfordhuntington2/gt/34_730bf_default.txt,analysis_results/full_run_20260613/predictions/matteozzmsoxfordhuntington2/sephardi__34_730bf_default.xml,1563,1445,fallback_penalty
matteozzmsoxfordhuntington2,Matteo Zz MS Oxford Huntington 2,34_730bf_default.jpg,34_730bf_default,sinai_no_voc_61,sinai no voc 61,102170.87843062507,0.8769716088328076,0.4010382868267358,635.0,gt,datasets/matteozzmsoxfordhuntington2/gt/34_730bf_default.txt,analysis_results/full_run_20260613/predictions/matteozzmsoxfordhuntington2/sinai_no_voc_61__34_730bf_default.xml,1563,1249,fallback_penalty
matteozzmsoxfordhuntington2,Matteo Zz MS Oxford Huntington 2,34_730bf_default.jpg,34_730bf_default,vat44,vat44,102471.95959475543,0.804416403785489,0.3264114211550941,522.0,gt,datasets/matteozzmsoxfordhuntington2/gt/34_730bf_default.txt,analysis_results/full_run_20260613/predictions/matteozzmsoxfordhuntington2/vat44__34_730bf_default.xml,1563,1385,fallback_penalty
mshuntington115,Bodleian MS Huntington 115,Bodleian-Library-MS-Huntington-115_00010_1-v.jpg,Bodleian-Library-MS-Huntington-115_00010_1-v,italian_7,italian 7,101247.89299584668,0.9328358208955224,0.3856603773584905,511.0,gt,datasets/mshuntington115/gt/Bodleian-Library-MS-Huntington-115_00010_1-v.txt,analysis_results/full_run_20260613/predictions/mshuntington115/italian_7__Bodleian-Library-MS-Huntington-115_00010_1-v.xml,1325,1341,fallback_penalty
mshuntington115,Bodleian MS Huntington 115,Bodleian-Library-MS-Huntington-115_00010_1-v.jpg,Bodleian-Library-MS-Huntington-115_00010_1-v,sephardi,sephardi,101325.07820814126,0.9626865671641792,0.4030188679245283,531.0,gt,datasets/mshuntington115/gt/Bodleian-Library-MS-Huntington-115_00010_1-v.txt,analysis_results/full_run_20260613/predictions/mshuntington115/sephardi__Bodleian-Library-MS-Huntington-115_00010_1-v.xml,1325,1349,fallback_penalty
mshuntington115,Bodleian MS Huntington 115,Bodleian-Library-MS-Huntington-115_00010_1-v.jpg,Bodleian-Library-MS-Huntington-115_00010_1-v,sinai_no_voc_61,sinai no voc 61,101438.57638838251,0.8917910447761194,0.4437735849056604,587.0,gt,datasets/mshuntington115/gt/Bodleian-Library-MS-Huntington-115_00010_1-v.txt,analysis_results/full_run_20260613/predictions/mshuntington115/sinai_no_voc_61__Bodleian-Library-MS-Huntington-115_00010_1-v.xml,1325,1246,fallback_penalty
mshuntington115,Bodleian MS Huntington 115,Bodleian-Library-MS-Huntington-115_00017_5r.jpg,Bodleian-Library-MS-Huntington-115_00017_5r,ashkenazy,ashkenazy,104592.58716197312,0.7994011976047904,0.3101503759398496,502.0,gt,datasets/mshuntington115/gt/Bodleian-Library-MS-Huntington-115_00017_5r.txt,analysis_results/full_run_20260613/predictions/mshuntington115/ashkenazy__Bodleian-Library-MS-Huntington-115_00017_5r.xml,1599,1567,fallback_penalty
munichstaatsbibliothektest2,Munich Staatsbibliothek test 2,145_cbccf_default.jpg,145_cbccf_default,sinai_no_voc_61,sinai no voc 61,100718.73521244526,0.9848484848484848,0.6,355.0,gt,datasets/munichstaatsbibliothektest2/gt/145_cbccf_default.txt,analysis_results/full_run_20260613/predictions/munichstaatsbibliothektest2/sinai_no_voc_61__145_cbccf_default.xml,590,456,fallback_penalty
munichstaatsbibliothektest2,Munich Staatsbibliothek test 2,146_899d5_default.jpg,146_899d5_default,sinai_no_voc_61,sinai no voc 61,100041.62174415588,0.956896551724138,0.6141414141414141,301.0,gt,datasets/munichstaatsbibliothektest2/gt/146_899d5_default.txt,analysis_results/full_run_20260613/predictions/munichstaatsbibliothektest2/sinai_no_voc_61__146_899d5_default.xml,492,313,fallback_penalty
oppaddfol3test2,Oppenheim Add. Fol. 3 test 2,436_324b3_default.jpg,436_324b3_default,ashkenazy,ashkenazy,99999.0,0.647239263803681,0.203454231433506,645.0,gt,datasets/oppaddfol3test2/gt/436_324b3_default.txt,analysis_results/full_run_20260613/predictions/oppaddfol3test2/ashkenazy__436_324b3_default.xml,2956,2699,fallback_penalty
oppaddfol3test2,Oppenheim Add. Fol. 3 test 2,436_324b3_default.jpg,436_324b3_default,biblia9,biblia9,99999.0,0.9401840490797546,0.4514680483592401,1357.0,gt,datasets/oppaddfol3test2/gt/436_324b3_default.txt,analysis_results/full_run_20260613/predictions/oppaddfol3test2/biblia9__436_324b3_default.xml,2956,2349,fallback_penalty
oppaddfol3test2,Oppenheim Add. Fol. 3 test 2,436_324b3_default.jpg,436_324b3_default,italian_7,italian 7,99999.0,0.5659509202453987,0.1623488773747841,525.0,gt,datasets/oppaddfol3test2/gt/436_324b3_default.txt,analysis_results/full_run_20260613/predictions/oppaddfol3test2/italian_7__436_324b3_default.xml,2956,2736,fallback_penalty
oppaddfol3test2,Oppenheim Add. Fol. 3 test 2,436_324b3_default.jpg,436_324b3_default,prenumeranten,prenumeranten,99999.0,0.98159509202454,0.6027633851468048,1797.0,gt,datasets/oppaddfol3test2/gt/436_324b3_default.txt,analysis_results/full_run_20260613/predictions/oppaddfol3test2/prenumeranten__436_324b3_default.xml,2956,2207,fallback_penalty
oppaddfol3test2,Oppenheim Add. Fol. 3 test 2,436_324b3_default.jpg,436_324b3_default,sephardi,sephardi,99999.0,0.5552147239263804,0.1692573402417962,562.0,gt,datasets/oppaddfol3test2/gt/436_324b3_default.txt,analysis_results/full_run_20260613/predictions/oppaddfol3test2/sephardi__436_324b3_default.xml,2956,2719,fallback_penalty
oppaddfol3test2,Oppenheim Add. Fol. 3 test 2,436_324b3_default.jpg,436_324b3_default,sinai_no_voc_61,sinai no voc 61,99999.0,0.8895705521472392,0.3512953367875647,1074.0,gt,datasets/oppaddfol3test2/gt/436_324b3_default.txt,analysis_results/full_run_20260613/predictions/oppaddfol3test2/sinai_no_voc_61__436_324b3_default.xml,2956,2343,fallback_penalty
oppaddfol3test2,Oppenheim Add. Fol. 3 test 2,436_324b3_default.jpg,436_324b3_default,vat44,vat44,99999.0,0.941717791411043,0.3464594127806563,1061.0,gt,datasets/oppaddfol3test2/gt/436_324b3_default.txt,analysis_results/full_run_20260613/predictions/oppaddfol3test2/vat44__436_324b3_default.xml,2956,2343,fallback_penalty
printeditionmantoue1544,Print edition Mantoue 1544,Mantoue1544_-006.png,Mantoue1544_-006,ashkenazy,ashkenazy,99999.0,0.9778142974527528,0.7379950928846828,4217.0,gt,datasets/printeditionmantoue1544/gt/Mantoue1544_-006.txt,analysis_results/full_run_20260613/predictions/printeditionmantoue1544/ashkenazy__Mantoue1544_-006.xml,5721,5610,fallback_penalty
printeditionmantoue1544,Print edition Mantoue 1544,Mantoue1544_-006.png,Mantoue1544_-006,biblia9,biblia9,99999.0,0.9737058340180772,0.7500876270592359,4289.0,gt,datasets/printeditionmantoue1544/gt/Mantoue1544_-006.txt,analysis_results/full_run_20260613/predictions/printeditionmantoue1544/biblia9__Mantoue1544_-006.xml,5721,5600,fallback_penalty
printeditionmantoue1544,Print edition Mantoue 1544,Mantoue1544_-006.png,Mantoue1544_-006,italian_7,italian 7,99999.0,0.9720624486442072,0.7406239046617595,4234.0,gt,datasets/printeditionmantoue1544/gt/Mantoue1544_-006.txt,analysis_results/full_run_20260613/predictions/printeditionmantoue1544/italian_7__Mantoue1544_-006.xml,5721,5678,fallback_penalty
printeditionmantoue1544,Print edition Mantoue 1544,Mantoue1544_-006.png,Mantoue1544_-006,prenumeranten,prenumeranten,99999.0,0.9794576828266228,0.736242551699965,4213.0,gt,datasets/printeditionmantoue1544/gt/Mantoue1544_-006.txt,analysis_results/full_run_20260613/predictions/printeditionmantoue1544/prenumeranten__Mantoue1544_-006.xml,5721,5277,fallback_penalty
printeditionmantoue1544,Print edition Mantoue 1544,Mantoue1544_-006.png,Mantoue1544_-006,sephardi,sephardi,99999.0,0.9556285949055052,0.7381703470031545,4218.0,gt,datasets/printeditionmantoue1544/gt/Mantoue1544_-006.txt,analysis_results/full_run_20260613/predictions/printeditionmantoue1544/sephardi__Mantoue1544_-006.xml,5721,5679,fallback_penalty
printeditionmantoue1544,Print edition Mantoue 1544,Mantoue1544_-006.png,Mantoue1544_-006,sinai_no_voc_61,sinai no voc 61,99999.0,0.9687756778964668,0.7336137399228881,4201.0,gt,datasets/printeditionmantoue1544/gt/Mantoue1544_-006.txt,analysis_results/full_run_20260613/predictions/printeditionmantoue1544/sinai_no_voc_61__Mantoue1544_-006.xml,5721,5526,fallback_penalty
printeditionmantoue1544,Print edition Mantoue 1544,Mantoue1544_-006.png,Mantoue1544_-006,vat44,vat44,105014.51928437594,0.9778142974527528,0.7485103399929899,4278.0,gt,datasets/printeditionmantoue1544/gt/Mantoue1544_-006.txt,analysis_results/full_run_20260613/predictions/printeditionmantoue1544/vat44__Mantoue1544_-006.xml,5721,5451,fallback_penalty
vat44,Vat 44,9_04b5d_default.jpg,9_04b5d_default,ashkenazy,ashkenazy,99999.0,0.6898550724637681,0.3215859030837004,509.0,gt,datasets/vat44/gt/9_04b5d_default.txt,analysis_results/full_run_20260613/predictions/vat44/ashkenazy__9_04b5d_default.xml,1588,1348,fallback_penalty
vat44,Vat 44,9_04b5d_default.jpg,9_04b5d_default,biblia9,biblia9,99999.0,0.7768115942028986,0.34235368156073,557.0,gt,datasets/vat44/gt/9_04b5d_default.txt,analysis_results/full_run_20260613/predictions/vat44/biblia9__9_04b5d_default.xml,1588,1671,fallback_penalty
vat44,Vat 44,9_04b5d_default.jpg,9_04b5d_default,italian_7,italian 7,99999.0,0.6231884057971014,0.2573945877910635,410.0,gt,datasets/vat44/gt/9_04b5d_default.txt,analysis_results/full_run_20260613/predictions/vat44/italian_7__9_04b5d_default.xml,1588,1712,fallback_penalty
vat44,Vat 44,9_04b5d_default.jpg,9_04b5d_default,prenumeranten,prenumeranten,99999.0,0.982608695652174,0.6702328508495909,1065.0,gt,datasets/vat44/gt/9_04b5d_default.txt,analysis_results/full_run_20260613/predictions/vat44/prenumeranten__9_04b5d_default.xml,1588,1192,fallback_penalty
vat44,Vat 44,9_04b5d_default.jpg,9_04b5d_default,sephardi,sephardi,99999.0,0.4985507246376812,0.1774701069855254,281.0,gt,datasets/vat44/gt/9_04b5d_default.txt,analysis_results/full_run_20260613/predictions/vat44/sephardi__9_04b5d_default.xml,1588,1634,fallback_penalty
vat44,Vat 44,9_04b5d_default.jpg,9_04b5d_default,sinai_no_voc_61,sinai no voc 61,99999.0,0.7710144927536232,0.3536815607300189,560.0,gt,datasets/vat44/gt/9_04b5d_default.txt,analysis_results/full_run_20260613/predictions/vat44/sinai_no_voc_61__9_04b5d_default.xml,1588,1668,fallback_penalty
vat44,Vat 44,9_04b5d_default.jpg,9_04b5d_default,vat44,vat44,99999.0,0.7478260869565218,0.3146633102580239,512.0,gt,datasets/vat44/gt/9_04b5d_default.txt,analysis_results/full_run_20260613/predictions/vat44/vat44__9_04b5d_default.xml,1588,1601,fallback_penalty
vaybertaytshexperiment,Vayber Taytsh experiment,0029_FL138498464.jpg,0029_FL138498464,ashkenazy,ashkenazy,105831.2444241643,0.9245283018867924,0.3290155440414508,639.0,gt,datasets/vaybertaytshexperiment/gt/0029_FL138498464.txt,analysis_results/full_run_20260613/predictions/vaybertaytshexperiment/ashkenazy__0029_FL138498464.xml,1930,2046,fallback_penalty
vaybertaytshexperiment,Vayber Taytsh experiment,0029_FL138498464.jpg,0029_FL138498464,biblia9,biblia9,105970.42203551532,0.8787061994609164,0.3347150259067357,651.0,gt,datasets/vaybertaytshexperiment/gt/0029_FL138498464.txt,analysis_results/full_run_20260613/predictions/vaybertaytshexperiment/biblia9__0029_FL138498464.xml,1930,2080,fallback_penalty
vaybertaytshexperiment,Vayber Taytsh experiment,0029_FL138498464.jpg,0029_FL138498464,italian_7,italian 7,105544.72142674262,0.9191374663072776,0.2974093264248704,567.0,gt,datasets/vaybertaytshexperiment/gt/0029_FL138498464.txt,analysis_results/full_run_20260613/predictions/vaybertaytshexperiment/italian_7__0029_FL138498464.xml,1930,2100,fallback_penalty
vaybertaytshexperiment,Vayber Taytsh experiment,0029_FL138498464.jpg,0029_FL138498464,prenumeranten,prenumeranten,106128.01949444412,0.9110512129380054,0.3865284974093264,770.0,gt,datasets/vaybertaytshexperiment/gt/0029_FL138498464.txt,analysis_results/full_run_20260613/predictions/vaybertaytshexperiment/prenumeranten__0029_FL138498464.xml,1930,1891,fallback_penalty
vaybertaytshexperiment,Vayber Taytsh experiment,0029_FL138498464.jpg,0029_FL138498464,sephardi,sephardi,106102.21747640148,1.0404312668463611,0.3316062176165803,636.0,gt,datasets/vaybertaytshexperiment/gt/0029_FL138498464.txt,analysis_results/full_run_20260613/predictions/vaybertaytshexperiment/sephardi__0029_FL138498464.xml,1930,2169,fallback_penalty
vaybertaytshexperiment,Vayber Taytsh experiment,0029_FL138498464.jpg,0029_FL138498464,sinai_no_voc_61,sinai no voc 61,104751.77986413566,0.5283018867924528,0.1590673575129533,305.0,gt,datasets/vaybertaytshexperiment/gt/0029_FL138498464.txt,analysis_results/full_run_20260613/predictions/vaybertaytshexperiment/sinai_no_voc_61__0029_FL138498464.xml,1930,2022,fallback_penalty
vaybertaytshexperiment,Vayber Taytsh experiment,0029_FL138498464.jpg,0029_FL138498464,vat44,vat44,106524.84134728462,0.9110512129380054,0.4015544041450777,776.0,gt,datasets/vaybertaytshexperiment/gt/0029_FL138498464.txt,analysis_results/full_run_20260613/predictions/vaybertaytshexperiment/vat44__0029_FL138498464.xml,1930,1973,fallback_penalty
vaybertaytshexperiment,Vayber Taytsh experiment,0033_FL138498468.jpg,0033_FL138498468,ashkenazy,ashkenazy,100140.8580994606,0.8256130790190735,0.2547322877230936,464.0,gt,datasets/vaybertaytshexperiment/gt/0033_FL138498468.txt,analysis_results/full_run_20260613/predictions/vaybertaytshexperiment/ashkenazy__0033_FL138498468.xml,1847,1831,fallback_penalty
vaybertaytshexperiment,Vayber Taytsh experiment,0033_FL138498468.jpg,0033_FL138498468,biblia9,biblia9,105485.49823894724,0.784741144414169,0.261763115197404,486.0,gt,datasets/vaybertaytshexperiment/gt/0033_FL138498468.txt,analysis_results/full_run_20260613/predictions/vaybertaytshexperiment/biblia9__0033_FL138498468.xml,1847,1868,fallback_penalty
vaybertaytshexperiment,Vayber Taytsh experiment,0033_FL138498468.jpg,0033_FL138498468,italian_7,italian 7,100145.1579670906,0.779291553133515,0.2217414818820984,397.0,gt,datasets/vaybertaytshexperiment/gt/0033_FL138498468.txt,analysis_results/full_run_20260613/predictions/vaybertaytshexperiment/italian_7__0033_FL138498468.xml,1847,1901,fallback_penalty
vaybertaytshexperiment,Vayber Taytsh experiment,0033_FL138498468.jpg,0033_FL138498468,prenumeranten,prenumeranten,100158.5567266941,0.896457765667575,0.3542455381287182,679.0,gt,datasets/vaybertaytshexperiment/gt/0033_FL138498468.txt,analysis_results/full_run_20260613/predictions/vaybertaytshexperiment/prenumeranten__0033_FL138498468.xml,1847,1745,fallback_penalty
vaybertaytshexperiment,Vayber Taytsh experiment,0033_FL138498468.jpg,0033_FL138498468,sephardi,sephardi,100175.40281653404,0.9100817438692098,0.2666306111411574,488.0,gt,datasets/vaybertaytshexperiment/gt/0033_FL138498468.txt,analysis_results/full_run_20260613/predictions/vaybertaytshexperiment/sephardi__0033_FL138498468.xml,1847,1925,fallback_penalty
vaybertaytshexperiment,Vayber Taytsh experiment,0033_FL138498468.jpg,0033_FL138498468,sinai_no_voc_61,sinai no voc 61,100113.26022362708,0.1989100817438692,0.0443482963764196,82.0,gt,datasets/vaybertaytshexperiment/gt/0033_FL138498468.txt,analysis_results/full_run_20260613/predictions/vaybertaytshexperiment/sinai_no_voc_61__0033_FL138498468.xml,1847,1844,fallback_penalty
vaybertaytshexperiment,Vayber Taytsh experiment,0033_FL138498468.jpg,0033_FL138498468,vat44,vat44,100174.71249437332,0.9182561307901907,0.3520822065981612,649.0,gt,datasets/vaybertaytshexperiment/gt/0033_FL138498468.txt,analysis_results/full_run_20260613/predictions/vaybertaytshexperiment/vat44__0033_FL138498468.xml,1847,1795,fallback_penalty
